Column1,Column2,Column3,Column4
1668629520,Spam Filter,您好！我是垃圾訊息過濾器，能自動過濾聊天室中的垃圾訊息。僅限管理員可變更垃圾訊息過濾器的相關設定喔。,F
1668634860,群主David1688,誠徵 「醫師」台中市北屯區診所，誠徵耳鼻喉科、小兒科、家醫科醫師診費 + PPF + 牌費多人輪班 放假彈性節數可談意者請洽 0910178068 黃院長,T
1668634860,群主David1688,誠徵 醫師台中市南屯區診所誠徵兒科、家醫科、耳鼻喉科專科醫師一週6-8節(必定需要:週二、週五、週日夜診)薪資優，需掛牌專任薪水:牌照費(如有掛牌)+節數費+PPF休假:農曆春節固定休除夕到初四共5天多位醫師看診，兼顧家庭以及生活品質，出國排休方便。歡迎有興趣長期合作的醫師洽詢。歡迎親洽邢醫師0975-327365(可先簡訊，看診時不方便接手機),T
1668634860,群主David1688,? 誠徵 醫師 ?兼職或專任皆可。新北市汐止區家醫科診所，不限專科，皆歡迎洽談。上班時段：星期一到六：上午9點到12點，下午2:30到5:30。星期日：只有早上門診。一週9診。地點：靠近國道一汐止交流道，交通方便，備有醫師專用車庫。請洽 ：宋小姐零九貳八貳柒肆五零伍,T
1668634860,群主David1688,"誠徵：合作創業的醫師地點：中部地區為主，其他地區也可以內容：本人有門前藥局和醫療管理公司經驗的藥師尋找醫師開設家醫,內科診所(不分科也可以)及門前藥局或是已有門前藥局想更換合作管理公司的醫師聯絡方式：陳先生Line:g-a-l-a-1-6-2(去除-)",T
1668634860,群主David1688,誠徵 「醫師」彰化縣一般科診所（國道一號交流道8分鐘），誠徵醫師診費 + 牌費+PPF多人輪班 放假彈性意者請洽 林醫師零玖壹零捌六玖玖六貳,T
1668635820,社群副管理員,徵「 醫師 」桃園市蘆竹區診所，近南崁交流道三分鐘，交通便利.誠徵專任醫師一位外科，骨科 或 家醫科?科醫師。（需要熟悉外科治療作業）每週5-9節，星期日固定休診。請洽0913070603 或03-2129955 孫醫師e-mail : drsunwei@yahoo.com.tw,T
1668635820,社群副管理員, 《誠徵兼任醫師》台中市清水區家醫科內兒科診所誠徵兒科、內科、家醫科，長短期兼任醫師熟慢性病及腹部超音波為佳。請親洽0905-531258,T
1668635820,社群副管理員,誠徵醫師（內科、家醫科）地點：南投埔里鎮安杏診所（糖尿病、腎臟病健促機構）工作時間：4-6節，可排2-3天（可談，目前診所一天兩診，下午診到晚上7點，一週10-11節）工作輕鬆，但可以學習慢性病管理和照護。歡迎面談聯絡方式：??0937291400 蘇醫師 未接時請留訊息??Email:Cheng38@gmail.com,T
1668635820,社群副管理員,誠徵part time 醫師，兒科佳，需報備支援地點：新北市五股區新城六路180號時段：早診8:30-12:00 或晚診6:00-9:001-10人 450010-20人 500020-30人 550030人以上 6000PPF 30以上 一人100聯絡資訊：（02）22953202林醫師,T
1668635820,社群副管理員,誠徵 「專任醫師」新北市中和區耳鼻喉科診所（近南勢角捷運站）誠徵：家醫科、小兒科專任醫師診費 + PPF + 牌照費多人輪班 放假彈性一週6-10診，可談意者請洽 0933157256葉主任,T
1668635820,社群副管理員,   * 誠徵專任醫師 *科別 : 家醫科、耳鼻喉科、小兒科、內科、急診專科、新陳代謝科或腸胃科醫師一位。地址 : 桃園市八德區時間 : 每周 5-8 診，可議薪資 : 牌費+診費+PPF，優於一般行情，無診所經驗可，多人診所，排班、換班、休假均很方便意者請洽：0920735470 洪小姐,T
1668638160,社群副管理員,徵《內/外/家醫科》專科醫師，歡迎介紹：* 服務地點：1.台南市東區裕東診所2.台中市大里區元里診所3.台中市南屯區家康診所* 待遇優（開業生態無成本壓力），工作單純，休假極有彈性* 看診節數及薪資面議未來可共同擴展合作新診所請洽周醫師 0936-091625,T
1668638160,社群副管理員, 《誠徵專任、兼任醫師》板橋耳鼻喉科診所誠徵專職耳鼻喉科、內兒科、家醫科、一般科醫師。有基層看診經驗為佳，無經驗亦可。診次可議，高保障薪加PPF。另徵六日及晚診兼任醫師。熟局部治療為佳。近府中站。0986-888-828郭,T
1668638160,社群副管理員,工商服務，誠徵復健專科專任醫師1.雲林縣斗南鎮 (新診所)2.新竹市北區 (專任服務醫師)工作單純，休假彈性。待優，診數及薪資面議。長期有擴展合作診所機會。請洽管醫師 零九三五-零一八八八二,T
1668638160,社群副管理員,誠徵精神專科醫師桃園市蘆竹區聯合門診，誠徵專任及兼職精神專科醫師，排休方便，歡迎有興趣長期合作共事的醫師呂醫師0932333472。,T
1668638160,社群副管理員,誠徵?醫師?掛牌或兼職科別 : 耳鼻喉科，兒科，內科 或 家醫科或其他專科地址 : 竹北成功國中對面耳鼻喉科診所（益康耳鼻喉科）時間 : 每周2-6診，週六輪休薪資 : 面議請電：03-65781200976731765李醫師,T
1668724560,社群副管理員,台中豐原區誠徵兒專醫師薪資優，需掛牌。意者聯絡0958356777郭先生,T
1668650100,群主David1688,如果有計畫/機緣從受雇醫師邁向雇主/開業， 沈將軍基層醫療團購群剩最後1000人，也即將滿群5000人....建議卡一個位子看看  頂多關靜音不理免得以後自己當老闆採購花時間。您已被邀請加入「基層醫療團購社群」！請點選以下連結加入社群！https://line.me/ti/g2/Xv_C2-tXrHmfi56506azGp2eEIAZJauPjcshYQ?utm_source=invitation&utm_medium=link_copy&utm_campaign=default,F
1668669960,SC,誠徵醫師科別 : 家醫專科醫師院址 : 近桃園車站交通方便時間 : 每周6-7診固定休週日薪資 : 牌費+診費+PPF工作環境單純好相處請洽 0-9-1-0-2-6-2-7-5-6 蕭小姐，謝謝,T
1668675300,群主David1688,"禮聘優質醫師桃園，中壢，三峽優質社區診所聯盟，環境佳, 醫師相處互助融洽, 歡迎有衝勁或有經驗的醫師加入團隊，備有完整的基層看診培及入股機會, 培訓完成鼓勵醫師開業或合作經營舊診所或新診所開發, 讓優質醫師共享創業利潤!科別不拘，家醫科內科復健科尤佳請聯絡03-2550908人資李主任安排各診所院長詳談時間, 期待找到熱情的您，一起跟著診所成長！(轉載 沈將軍 桃園群)",T
1668675420,群主David1688,沈將軍桃園綜合人力群  上車空位還很多  有需要 請自取(前3個月 本群 試行轉載 醫師職缺部分)您已被邀請加入「桃醫藥人力免費媒介社群平台」！請點選以下連結加入社群！https://line.me/ti/g2/M4DZATLoPo9RgCXq3Xdj4zNQlmjf6ltqDmq28A?utm_source=invitation&utm_medium=link_copy&utm_campaign=default,F
1668675780,群主David1688,誠徵?醫師?台中市南區耳鼻喉診所誠徵第五位醫師，耳鼻喉科、兒科、家醫科、內科專科醫師均歡迎診費+牌費+PPF多人輪班 節數可談電話：0921792171 白醫師若看診時沒接電話，可先簡訊(轉自 沈將軍 5000群),T
1668676440,社群3號管理員,附上沈將軍 閒置醫材群有需要 再自己加入 最後1400 空位您已被邀請加入「閒置醫材轉讓社群」！請點選以下連結加入社群！https://line.me/ti/g2/qsg2LjCgC3-JLXFYKWsTGLZPeh3_Gla1bTPcAg?utm_source=invitation&utm_medium=link_copy&utm_campaign=default,F
1668676620,社群3號管理員,週日假日 群主 會整理一個現行所有 醫療相關社群listing  懶人包 給大家參考stay tuned ????,F
1668677040,社群副管理員,誠徵[醫師]科別：家醫科或急診科醫師地點：台北市中山區診所，近大直捷運站時間：一週至少8節，彈性排班，時段詳談，需可上晚診請洽0952661617黃小姐，如未接可先簡訊會回電，感謝(轉貼自沈將軍5000大群 11/15 日),T
1668678780,社群副管理員,十點 上午診 中場休息時間    附上 沈將軍 醫師汽車討論(團購)群,F
1668678780,社群副管理員,您已被邀請加入「醫師汽車資訊分享「社群」」！請點選以下連結加入社群！https://line.me/ti/g2/1XgvbV9CcGQSO43sYj7L52LlDTvNcFcSSkOVCA?utm_source=invitation&utm_medium=link_copy&utm_campaign=default,F
1668678840,社群副管理員,[照片],F
1668678840,社群副管理員,前一陣子 有團購Benz 不曉得有無後續  有需求 再自己加入 f/u,F
1668680220,群主David1688,徵：?醫師?地點：南桃園電話：0-9-1-8-1-2-0-0-9-1聯絡人：詹醫師一週7~8節，prefer內科方面（兒科、GI、皮膚、內科、家醫科），至少三年以上門診經驗、可獨當一面者。有關薪資、入股等細節當面洽談。(轉自沈將軍 桃園群),T
1668697320,群主David1688,"誠徵11/29 基隆學檢, 國小，上午場 8~12, 4線醫師開設。需職登於或是具備專科家醫、小兒或是內科三個科別。待遇 (每節5000)、細節，可當日領現或(多場)周匯。基隆另有交通津貼。請私訊 Line，洽談：https://lin.ee/gYr6y7f",T
1668706380,NN,可以請群主再po一次連結嗎 不知為何點進去都顯示504 gateway timeout 下面醫材和汽車群組也是這樣(moon cry) 感謝！,F
1668707040,群主David1688,好哦 待會整理,F
1668707400,社群副管理員,可能是 Line 伺服器轉譯 有點問題掛了   稍後我再試試,F
1668707760,NN,[貼圖],F
1668709560,社群3號管理員,真的是伺服器的問題現在好了,F
1668709620,NN,可以了 感謝！,F
1668798600,群主David1688,"11/23, W3, 8~12 徵醫師A.龍潭區國中學檢B. 中壢區國小疫苗其中A學檢場次需要執登於小兒、家醫、內科，或是有這三科專科資格醫師時段可以有興趣請回訊，給您醫院窗口後續聯繫請私訊 Line，洽談：https://lin.ee/gYr6y7f",T
1668753240,群主David1688,中壢區診所，誠徵內，兒，家醫，急診專科醫師，待遇優，節數4~9節，可彈性調整，舒適穩定的工作環境，合宜的門診量，不會太累，歡迎轉職來電洽詢，新舊醫師，不必擔心電腦系統，不熟悉會輔導上手，可一起合作共同分享利潤，歡迎跨縣市上班，近交流道，備停車位。來電詢問，如看診中未接來電，請留訊息，儘快回覆。0931035455 黃醫師。亦徵兼職，節數彈性，需報備支援。(轉自 沈將軍 桃園人力版),T
1668818400,社群副管理員,誠徵 《兼任醫師》新北市板橋區診所｛誠徵消化內科醫師｝一週2節夜診(週三及週五): 晚上6:00∼9:30需可申報支援薪資:底薪+人次及檢查PPF。（診所備有腹部超音波、胃、大腸鏡可操作。檢查病人多）地點靠近板橋捷運站意洽薛醫師0916063481 (或簡訊亦可)謝謝。,T
1668818400,社群副管理員,轉自 沈將軍 實名人力群,F
1668818640,Calvin Chou,?誠徵「專任醫師」台北市中山區診所誠徵家醫科、美容科或內科醫師、復健醫師每週6-8節，團隊相處融洽。診所業績穩定，待優，用心深耕富潛力。請洽 0975010881,T
1668864000,阿祐,?誠徵「負責醫師」新北市汐止區診所誠徵復健科，骨科，神經內科醫師節次時段可談，少診次亦可。請洽 0920994195,T
1668864600,Ethan,誠徵醫師科別 : 誠徵家醫科、新陳代謝科，小兒科、一般科或內科專科醫師一位。地址 : 桃園市中壢區高?附近時間 : 每周6-9診薪資 : 牌費+診費+PPF其他福利：醫師機構責任險及團體保險目前只有老闆一位醫師，想要增加第二位醫師，老闆同事皆好相處 ，亦可先報備支援兼診，彼此磨合。詳情請洽 0916-746-259林醫師如上診未接電話，請先傳訊息，謝謝,T
1668868140,群主David1688,有計畫當診所雇主的~報備救援藥師群  應該用得上，   有需要的，請自取您已被邀請加入「報備支援藥師救援專區」！請點選以下連結加入社群！https://line.me/ti/g2/D8dhJHsVPiPfoz6uh6VDVc6bgi2I8_oUNnoaDg?utm_source=invitation&utm_medium=link_copy&utm_campaign=default,F
1668869460,群主David1688,剛剛發現 這個要(冒)用 藥師身份選項 申請才會快醫師被擋被delayed  ????,F
1668871620,葉醫師@台北,開時薪500以下會被噓,F
1668881880,ckg,那不要加入吧！,F
1668974640,社群3號管理員,當急件備胎？ 最後找人的地方？總比開天窗好？,F
1668985800,社群3號管理員,https://docs.google.com/document/d/1T-n7O69PIRnZVRzGwInWyjQ2RAitjQb767al5vt9wPE/edit?usp=sharing,F
1668985800,社群3號管理員,[檔案],F
1669072440,社群3號管理員,"Dear all, 一些醫療社群的整理，有用的請自取，有適合受雇、雇主(藥材採購)都有，生活類 (醫師汽車團購)。如果有一些專科類的社群，如果願意反饋， 我會擅打上來補齊。希望大家多提供 沒有收集到的社群 群組。",F
1669011900,群主David1688,誠徵   正職 「醫師」/ 負責人地點:  台北市大同區，近捷運站科別：GI、CRS、內科、或家醫科薪資：牌費+診費+PPF有關薪資入股等細節可當面洽談意者請洽聯絡窗口：0931411919或line: d-e-a-n-d-a-i（預計2023年3月後開業）(轉自沈將軍5000人大群),T
1669011900,群主David1688,誠徵醫師科別 : 誠徵家醫科、新陳代謝科，小兒科、一般科或內科專科醫師一位。地址 : 下新莊時間 : 每周6-7診薪資 : 牌費+診費+PPF其他福利：醫師機構責任險及團體保險詳情請洽 0229066999 林醫師(轉自沈將軍5000人大群),T
1669016760,阿祐,誠徵   正職 「醫師」/ 負責人地點:  新北市汐止區，近捷運東湖站科別：復健科，骨科，神經內科薪資：牌費+診費+PPF節次時段可談，少節次亦可意者請洽聯絡窗口：0920994195或line: w-e-i-t-y-u,T
1669023180,社群副管理員,前輩好，謝謝問安，謝謝入群， 本群醫師同仁時間寶貴，為提供資訊縝密度早安文 日後(盼望)第一個人發就好(原本想禁止早安問候文，等滿1000人，由使用者投票表決，本群管理方式都是(盡量)採使用者共識投票決),F
1669026420,白白,《徵專職藥師》桃園中壢，內科診所。薪資面議。意者請電：0978139766林小姐,F
1669026600,社群3號管理員,前輩好 此處是醫師人力專區,F
1669026720,白白,??所以是不提供徵才??,F
1669026960,白白,不好意思  我退出,F
1669027080,Karuna仁,可能是醫師徵職？沒有藥師徵職？這個意思？,F
1669027260,社群副管理員,對，只提供 醫師職缺受僱 短期  兼任 專任 等,F
1669027320,社群副管理員,只能徵醫師  謝謝,F
1669027380,妍,請問 可以詢問醫師掛牌的部分嗎？,F
1669028100,社群副管理員,可以哦 謝謝您,F
1669028160,妍,謝謝,F
1669031940,社群副管理員,除了院所發佈職缺，我們也鼓勵醫師自登求職(尚有可以兼職時段)格式參考醫師找兼職兼診: 陳醫師證照: 執登於家醫科，或是家醫科專科，糖尿病共照網資格(或其他戒菸、長照 某某醫學會會員等等)。兼職地區:  新北市、北桃園目前可兼職時段:周一周二上午 週五晚上聯絡方式: LINE 或是 email 電話等等(格式請自行修改參考，或提供更好意見),F
1668989280,群主David1688,醫師找兼職兼診: O醫師#證照: 家醫科專科，糖尿病共照網資格(或其他戒菸、長照 某某醫學會會員等等)。或執登於家醫科、一般科 等等。#可兼職地區:  新北市、北桃園#可兼職時段:周一周二上午 週五晚上聯絡方式: LINE 或是 email 電話等等#其他自介/補充/經驗:(分段參考格式，再自行修改，謝謝),F
1668990480,James 的,高雄要找醫師可以在這裡登嗎？,F
1668990480,群主David1688,可以可以 謝謝您,F
1668990540,James 的,@社群群主David1688 謝謝你！,F
1668990840,James 的,怎麼登了，自動被刪掉？(moon laugh)(moon laugh),F
1668990840,James 的,有什麼字不能使用嗎？,F
1668991020,莉,要稍微修飾一下,F
1668991020,莉,比如這樣,F
1668991080,James 的,@莉 感謝，我試試,F
1669056780,群主David1688,誠徵：正職醫師/負責人地點:  鹿港鎮，近捷運站科別：眼科、GI、CRS、內科、或家醫科或皮膚科，薪資：牌費+診費+PPF有關薪資入股等細節可當面洽談意者請洽聯絡窗口：林921615528或lineID電話（預計2023年3月後開業）一週7~8節，prefer內科方面（兒科、GI、皮膚、內科、家醫科），至少三年以上門診經驗、可獨當一面者。有關薪資、入股等細節當面洽談。,F
1669056780,群主David1688,[照片],F
1669057020,群主David1688,轉自 中彰投群 by Jill,F
1669059600,FSU,@James 的 高雄想了解~,F
1669059720,群主David1688,感覺 沈前輩那沒開 南部專區  滿可惜的  還是群主沒收集到,F
1669059780,FSU,是阿  南部資訊都比較少,F
1669059900,社群副管理員,先進開個南部專區 ？  哈哈哈 其實大家都太忙(還好 有沈前輩 弄得好好的 ),F
1669060020,社群副管理員,新增收錄 醫事人員學分社群   有需要請參考取用(社群品質尚待觀察，每周更新 社群目錄總表)您已被邀請加入「醫事人員學分分享」！請點選以下連結加入社群！https://line.me/ti/g2/RORH1s23OVAllqVl-LE4v6rPyJW08vyxn1Il-Q?utm_source=invitation&utm_medium=link_copy&utm_campaign=default,F
1669062180,群主David1688,宜蘭縣三星鄉診所，誠徵家醫科/內科/兒科專兼任醫師。節次可談，待遇從優，團隊相處融洽。意者請洽 0928211262 洪先生（若忙碌中未接來電，請簡訊留言，謝謝）。,T
1669062180,群主David1688,宜蘭縣三星鄉家醫科診所出租，共4層樓，診所設備齊全，附設電梯、放射室、檢驗室及治療床等，無需再裝潢，可直接開業使用（適合作為聯合診所）。原址旁另有新蓋大樓出租，位於市區，共5層樓，附設電梯，需自行裝潢。該診所在地開業將近30年，有固定長期病患者，可承接既有客源，不用從零開始。原有藥師、護理工作人員可協助聯繫。意者請洽 0928211262 洪先生 可留訊回覆。,T
1669062240,群主David1688,轉自 5000群 by 輝哥,F
1669066380,群主David1688,[照片],F
1669066380,群主David1688,[照片],F
1669066440,群主David1688,"轉自 apen by,陳醫師  附闌友討論",F
1669067820,群主David1688,[照片],F
1669154280,群主David1688,轉自 apen app,F
1669118880,成,請教   版主 先進南部想要徵請報備支援醫師可以pi嗎？,F
1669094700,群主David1688,可以喔，謝謝前輩， 我們把地區限制拿掉了,F
1669117440,群主David1688,"連鎖醫美診所,位桃園藝文特區徵長期兼診醫師時間: 周三 / 14:00-20:00(可報備支援)需求條件:各式光療雷射、微整針劑注射、電音波需有執行經驗為佳,薪資面議洽:張小姐連絡電話:0-9-1-2-9-0-5-0-7-8(轉自 桃園人力群)",T
1669075440,社群副管理員,誠徵   服務醫/ 支援醫地點:  新竹市北區，復健科診所科別：復健科，骨科薪資：牌費+診費+PPF節次時段可談，少節次亦可意者請洽管醫師：0935-018-882長期有擴展合作診所機會(轉自  實名制群),T
1669126680,成,誠徵   報備支援「醫師」地點:  台南市安南區診所科別：耳鼻喉科 兒科家醫科支援時段：每週固定2診。意者請洽：0928338178或line: yoyo零928338178,T
1669136160,群主David1688,新北市新店區家醫科診所徵固定報備支援兼任醫師地點：新北市新店區 (備停車位)支援時段：每星期三晚上2.5小時支援薪水：保障四千八百元。支援醫師科別限制：無限制但要有經驗能處理內外婦兒科問題。單次支援或多次：能固定支援。負責醫師line或電話：j-a-y-1-2-c (請去掉-),T
1669136160,群主David1688,(謝謝群友 轉自900人群),F
1669136400,群主David1688,徵: 心臟超音波執行醫師時段: 周一到周五，上午，配合醫師可行時間安排。待遇:請私訊報價商議。地點: 北市南港區 或 新竹竹東聯絡方式:請私訊 Line，洽談：https://lin.ee/gYr6y7f,T
1669137420,ye1,[貼圖],F
1669138260,Chris,招募：雙北地區企業臨場服務醫師- 職缺：正職，需職登本醫院；- 醫師證書：1. 具備醫師專科證書（專科不限）；2. 臨場服務受訓合格證書；- 服務範圍：雙北地區；- 工作時間：正常工作日，上午10-12點，下午14-16點，時間靈活；- 工作內容：協助企業執行臨場服務；- 薪資：面談，掛照費+節金；- 其他注意事項：1. 需配合醫院排班；2. 需有交通工具；3. 需配合醫院關於臨場服務的規範和要求；4. 在提前告知並被允許的情況下，可以兼職支援其他醫療機構；5.無臨場服務經驗，亦可.若有興趣，可電話聯繫徐小姐：02-2577-8660#263. ,T
1669142880,敏昌診所黃醫師,"~禮聘優質醫師~桃園，中壢，三峽優質社區診所聯盟，環境佳, 醫師相處互助融洽, 歡迎有衝勁或有經驗的醫師加入團隊，備有完整的基層看診培訓及入股機會, 培訓完成鼓勵醫師開業或合作經營舊診所或新診所開發, 讓優質醫師共享創業利潤!科別不拘，家醫科內科復健科尤佳請聯絡03-2550908人資李主任安排各診所院長詳談時間, 期待找到熱情的您，一起跟著診所成長！",T
1669143000,社群副管理員,"誠徵part time 醫師,復健科，需報備支援地點：宜蘭市中山路五段210號時段：早診8:30-11:30或晚診6:00-8:3020人 以下500020-30人 550030人以上 6000PPF 30以上 一人100聯絡資訊：0972122863 林醫師",T
1669143000,社群副管理員,轉自900人群,F
1669150380,群主David1688,補充: 本案不需專科，會有心專醫師負責出報告∼,F
1669152840,Henryyy,請問如何接洽,F
1669153140,社群副管理員,直接請私訊 Line 下面帳戶https://lin.ee/gYr6y7f直接給您 聯絡窗口,F
1669153260,Henryyy,進去雙北桃媒合群不過沒人回,F
1669153320,社群副管理員,請丟個貼圖 試試,F
1669153380,社群副管理員,新增 第二個 持續教育學分 社群  有需要請自行加入您已被邀請加入「台灣醫事人員繼續教育學分資訊分享（醫師、護理師、醫檢師、藥師、營養師、放射師、治療師?）」！請點選以下連結加入社群！https://line.me/ti/g2/_KV4FNviV9ZaCbzPL4gChAk5u2Vm13BBnxNYYg?utm_source=invitation&utm_medium=link_copy&utm_campaign=default,F
1669245480,WS,誠徵 「掛牌醫師」科別：醫美診所院址：台北市，長期經營穩定不用負責稅務，不會用負責人名義有任何借貸往來。意者請洽 Line ID:   575985,T
1669165560,andy1,為什麼我po的徵人都會秒刪?,F
1669165560,James 的,@andy1 我也是,F
1669165620,台中小正妹,不能打自己的Lineid ，系統自動收回,F
1669171020,Ivan,可以用 - 分割,F
1669171020,Ivan,號碼,F
1669187280,群主David1688,   * 誠徵專任醫師 *科別 : 家醫科、耳鼻喉科、小兒科、內科、急診專科、新陳代謝科或腸胃科醫師一位。地址 : 桃園市八德區時間 : 每周 5-8 診，可議薪資 : 牌費+診費+PPF，優於一般行情，無診所經驗可，多人診所，排班、換班、休假均很方便意者請洽：0920735470 洪小姐(轉自  桃園人力群),T
1669188780,社群副管理員,已幫你置頂2天推廣祝醫安  荷包滿滿(如果想低調 不欲置頂再反饋),F
1669202400,中壢區松義診所,"誠徵家,兒,急,內科 周末兼職醫師(星期六午晚,星期日早)上班輕鬆 一診約20人   地點位於中壢近COSTCO地區 66快速道路一下就到 備醫師專用停車位 每診次費5000元請洽陳醫師 0989-847-407 ",T
1669202400,Allen,【知名優質自費診所徵才】不掛照週10診，月薪約35-42萬。掛照週10診，月薪約40-47萬)無相關工作經驗可受訓科別不怕出身低。歡迎想逃離健保監錮的醫師一起加入https://www.ptt.cc/bbs/medstudent/M.1669099647.A.94D.html,T
1669202520,Jeff,Line 沒有人接，電話號碼不對手機是10碼不是7碼,F
1669202940,Jeff,從昨天打line到今天都沒人接聽,F
1669202940,群主David1688,看診中？  還是 fake這一篇我再確認他的真實性,F
1669203000,Jeff,有問題,F
1669203060,Jeff,line 沒人接，電話不對,F
1669203120,Jeff,[貼圖],F
1669203240,趴趴熊,應該不是帶風向，我昨天有聯繫到該診所的人，也有詳細說明診所名稱和相關需求,F
1669203240,社群副管理員,謝謝您的反饋  應該貼文的文  在忙 看診中  謝謝您,F
1669203960,趴趴熊,他們中午休息時間是下午一點開始，想電聯的人可以留意,F
1669161900,Jeff,請問他的診所電話,F
1669161900,Jeff,[貼圖],F
1669162020,趴趴熊,０－２－２－５－３－２－３－３－０－１,F
1669162080,Jeff,[貼圖],F
1669162080,Jeff,[貼圖],F
1669162680,普普風,請問在台中嗎,F
1669163100,艾琳,我們在桃園歐 歡迎,F
1669208640,Ivan,別的先不說，想感謝版主超用心經營,F
1669209420,台中小正妹,真的不然除了104跟醫師公會，好像沒別的了,F
1669209420,JJ,這兩個平台 都要刊登費用,F
1669211460,Ethan,誠徵醫師科別 : 誠徵家醫科、新陳代謝科，小兒科、一般科或內科專科醫師一位。地址 : 桃園市中壢區高?A17附近時間 : 每周6-9診薪資 : 牌費+診費+PPF其他福利：醫師機構責任險及團體保險老闆同事皆好相處 ，亦可先報備支援兼診，彼此磨合。詳情請洽 0916-746-259林醫師如上診未接電話，請先傳訊息，謝謝,T
1669240740,群主David1688,誠徵?醫師?台南市佳里區診所誠徵耳鼻喉科、兒科、家醫科、內科專科醫師一週4-6節，可支援可掛牌。薪資：診費+PPF電話：0972078189 徐醫師(可先簡訊聯絡）(轉自 5000 大群 by PJ since 10/25),T
1669241100,群主David1688,報告前輩  目前我們希望同樣的職缺  隔3~5天再重貼   下次再謝謝您喔我也幫您轉貼5000 群好了,F
1669241220,James 的,好，謝謝你！,F
1669333980,普普風,請問有嘉義市/台中市診所徵家醫科醫師嗎？全職或兼職都可以∼,F
1669269540,群主David1688,[照片],F
1669269540,群主David1688,早安 搜尋功能 有多篇  台中市 請參考 @普普風,F
1669269900,群主David1688,誠徵醫師 彰化 多科別科別 : 誠徵耳鼻喉科，家醫科，小兒科、一般科或內科專科醫師一位。地址 : 彰化市近中彰快速道路附近時間 : 每周6-8診薪資 : 牌費+診費+PPF近台中市，備有專用停車位及休息室院長，藥師及護理同仁皆好相處 ，亦可先報備支援體驗詳情請洽 0931-999-583陳醫師如上診未接電話，請先傳訊息，謝謝(轉自  900人群),T
1669269960,群主David1688,徵醫師 花蓮市 多科別*後山誠徵專任醫師 *科別 : 家醫科、耳鼻喉科、小兒科、內科、急診專科醫師一位。地址 : 花蓮市時間 : 每周 5-8 診，可議薪資 : 牌費+診費+PPF，優於一般行情，無診所經驗可，多人診所，排班、換班、休假均很方便想在花蓮發展的醫師請洽：周醫師0911339916(轉自 5000 群),T
1669270380,群主David1688,對了  中彰投版 您有加入嗎？  也可以問問喔您已被邀請加入「中彰投「免費媒介醫藥人力」平台社群」！請點選以下連結加入社群！https://line.me/ti/g2/9zD9ZM0nSt8yrQVg1YPazGv1G3jRTyApUoeJKw?utm_source=invitation&utm_medium=link_copy&utm_campaign=default,F
1669288860,群主David1688,新北市板橋區耳鼻喉科診所誠徵專任醫師科別 : ENT、小兒科、家醫科、內科專科醫師，一位。地址 : 新北市板橋區，近新埔捷運站，走路約兩分鐘時間 : 每周 5-8 診，可議薪資 : 牌費+診費+PPF，不需處理健保行政業務，無診所經驗可。請洽：02-22558699 李醫師。謝謝(轉自 5000 人群),T
1669288920,群主David1688,請問前輩 座標約略在那個縣市？,F
1669289220,Lin,抱歉忘記說桃園中壢,F
1669313820,????,有,F
1669314180,社群副管理員,在一起 在一起 在一起??????開玩笑的 我是說 彼此互相交換一下LINE 吧 @普普風 ,F
1669314480,????,B-e-b-e-a-u-t-i-4,F
1669319640,群主David1688,"各位群友大家好， 歡迎來到1688醫師人力群。我們預計規劃周一到到五， 是徵才訊息時間 (當然小小開聊也ok,)盡量版面乾淨 ，節省大家時間。(希望大家到900人群LDS 或是 等本群人數到1500~2000 時，開個LDS群)周六 週日 歡迎大家LDS喔不   LDS 兼 讀書會也是 讀書會的 時間。大家可以拋磚引玉 導讀不錯的開業術、理財發財經、人生經歷體驗等。",F
1669319700,群主David1688,[照片],F
1669319700,群主David1688,[照片],F
1669319700,群主David1688,[照片],F
1669319820,群主David1688,"為了 開開先鋒  類似這篇apen佳文 個人覺得不錯門診中 遇到 看 中醫的病人。 如何在話術(x), 洽談中 贏得病人信任....",F
1669320060,群主David1688,星期五中午後， 如果有人要開聊分享 也歡迎。但請 聚焦 分享上面幾個主題1. 開業工作心得2. 理財心得3. 人生經歷等。對於本版的方向 管理方式也歡迎大家 直接建議例如版面乾淨， 本版不宜聊天聊天等改天人多再另開版,F
1669406640,群主David1688,[投票] 本版內容方向,F
1669334460,群主David1688,謝謝大家參與投票看來本群最大的價值 目前是維持版面 乾淨 整齊資訊縝密度資訊縝密度資訊縝密度未來朝這個方向管理，謝謝大家。,F
1669334460,群主David1688,[照片],F
1669383360,群主David1688,北市/掛牌/醫美/八萬[徵才] 掛牌負責人醫師（醫學美容診所）http://www.ptt.cc/bbs/medstudent/M.1669020006.A.728.html,T
1669383420,群主David1688,新北/GI/8~10診，保障35起[徵才] 新北市診所徵肝膽腸胃專科醫師http://www.ptt.cc/bbs/medstudent/M.1668992943.A.14F.html,T
1669386720,Ivan,請問記事本內的基層兒科醫師群組要如何加入呢？密碼太神秘??,F
1669387080,FSU,+1  我也是家不進去 ORZ,F
1669394280,群主David1688,這以前要審核學會會員號 跟或是 專科字號。,F
1669487460,群主David1688,"新北永和/專任/兒家內徵?正職醫師?新北中和靠近永和兒科診所誠徵正職兒科、家醫科、內科醫師正職需掛照,每週6-8診,節數可談週六/日門診可與現有醫師(現有3位醫師)輪值近捷運站，交通便利，診所附近捷運與公車可達待遇優低稅負 (執照費+節數薪水+PPF)分享開業技巧，休假可先安排如來電未接，請留言或傳簡訊，會儘快與您聯絡聯絡人：王醫師連絡電話：0909736367(可用LINE搜尋)(轉自 5000 群 by Eric Wang)",T
1669440240,群主David1688,[照片],F
1669440660,群主David1688,新北新莊/兼職(五六)/家醫內專/每診4~4.5K(104 轉貼 以價格明確為優先)請醫師由張貼日期、更新日期、懸缺時間研析與雇主是否有議價空間 (或是104一次繳半年，雇主也是擺著也是放著 想多找儲備醫師)https://www.104.com.tw/job/7j509,F
1669440780,群主David1688,[照片],F
1669440780,群主David1688,https://www.104.com.tw/job/7o8de?,F
1669441020,群主David1688,[照片],F
1669441020,群主David1688,[照片],F
1669441020,群主David1688,[照片],F
1669441260,群主David1688,"以上為本周摘錄104待遇明確的院所, 提供市場參考價。 另 ptt 摘錄亦以待遇明確為前提。",F
1669441440,群主David1688,價格過高 或有異常，需請自行研析判斷，或請群友分享分析....,F
1669448880,群主David1688,請善用關鍵字搜尋功能 例如 台北 新北 桃園兼職 專任  科別  來搜尋職缺,F
1669449060,群主David1688,未來我們也會 試圖透過Line message API 拋轉到網頁資料庫除了 社群 網頁 也可以看到謝謝,F
1669449240,群主David1688,台北文山/專任/兒家內急樂群耳鼻喉科家醫科診所位於台北市文山區，誠徵正職兒科、家醫科、內科或急診科醫師為第3位醫師正職需掛照，每週6-8診，需看週六門診，節數可談近新店交流道，交通便利，診所附近捷運與公車可達待遇優沃低稅負 (執照費+節數薪水+PPF)，不吝分享開業技巧，休假可先安排如來電未接，請留言或傳簡訊，會儘快與您聯絡聯絡人：鍾醫師/劉醫師連絡電話：0963021274/0958941312(原文出自 5000大群，由診所親貼，經沈醫師理事改編貼出),T
1669469760,小貓醫師,@普普風 請問怎麼聯繫你？,F
1669561200,群主David1688,如果不想公開揭露line id 可以私訊 客服， 為兩方私訊@普普風@小貓醫師https://lin.ee/GlaQY3H,F
1669510920,群主David1688,新北汐止/專兼/科別不限｛徵 醫師｝兼任或專任皆可，節數可談，不需任負責醫師。家醫科診所，歡迎各科醫師。新北市汐止區，交通方便。薪資商議，看診獎金無上限，憑努力決定自己的價值。歡迎參觀、面談。請洽：0928274505(轉自 5000群 by Dr KL),T
1669565460,群主David1688,桃園八德/兼/皮專無亦可作者intercourse (LOL)看板medstudent標題[徵才] 桃園市健保皮膚診所兼職醫師時間Sun Nov 27 01:35:43 2022桃園市八德區誠徵健保皮膚門診兼任主治醫師，診次時段皆可談，1. 非皮專診費: 有無專科皆可，依照經驗能力診費4000-8000+PPF，無經驗者可免費教學2. 皮專診費: 10000+PPF。意者請加 Line聯繫 : dr.briton(轉自 ptt),T
1669574700,社群副管理員,新北板橋/專任/ENT[誠徵] 專任醫師新北市板橋區耳鼻喉科診所誠徵耳鼻喉科醫師。地址 : 板橋區新埔捷運站旁。時間 : 每週約6到8診。薪資 : 牌費+診費+PPF。意者請洽：0928-306798 陳醫師。若無法接聽請留簡訊。謝謝！(轉自 實名制群 by 陳醫師),T
1669574760,社群副管理員,台中北區/專任/兒家內耳?誠徵「專任醫師」台中市北區耳鼻喉科診所誠徵 兒科、家醫科、內科或耳鼻喉科醫師。每週7- 9節 團隊相處融洽。診所業績穩定，待優，用心深耕富潛力。意 請洽 郭醫師0987-160999（可先 簡訊）當儘快回覆，謝謝。(轉自實名制群 by 郭醫師),T
1669574880,社群副管理員,台南安南/專任/兒家內耳誠徵《醫師》??台南安南區耳鼻喉科診所，誠徵專任醫師（ENT、小兒、家醫、內科..等）??專任每周6-9診，診費+牌費+PPF，近永康，好停車??待遇優渥，稅賦低，工作氣氛佳，交通便利，診所內有兩位長線股票老手，目標是靠股票度日，看診當作服務??可112年2-7月就職，時間可談??意者請洽余醫師0912336458，若漏接電話，請留簡訊，當盡快與您回覆。(轉自 實名制群 by 余醫師),T
1669669320,群主David1688,台南安南/兼職/兒家耳誠聘 報備支援「醫師」??地區：台南市安南區耳鼻喉診所??科別：耳鼻喉，小兒，家醫，?）??看診時間：一週2診，可以討論??若有意者請洽0928338178漏接電話，麻煩請留言，盡快與  您回覆。歡迎雇主自貼 醫師自薦,T
1669627260,群主David1688,點個手指頭 拿西醫感控學分  (今天中午前)中華民國基層醫療協會??今日11/28星期一(線上課程)【基層動員 • 推廣流感疫苗接種II (線上直播)】????【時間】: 2022年11月28日（星期一）12: 30-14:00??【學分申請】: 西醫感控、家醫乙類1分、兒科1分、感染症、婦產1分、護理感控1.2分??【費用】:免費??【上課報名】( 須事先線上報名 )http://act.pca.org.tw/??【會議連結 】(12:00可開始登入等候)https://bit.ly/3X5RhhF??【簽退連結 】( 需學分必填呦~謝謝 您！ )https://forms.gle/8QPYS9ZybJPrYUvX8,F
1669634520,社群副管理員,新竹北區/專任兼任/復健科誠徵   專任服務醫/ 兼任支援醫地點:  新竹市北區復健科診所科別：復健科 (骨科亦可)薪資：牌費+診費+PPF節次時段可談，少節次亦可意者請洽管醫師：0935-018-882專任醫師長期也有擴展合作，開設新診所的規畫(轉自  實名制群 by 管醫師 第二次刊登),T
1669594380,社群副管理員,管理員報告職缺貼文來自(沈前輩理事) 實名制社群 皆可私訊管理員代為查詢刊登醫師 及診所(或是5000群 部分貼文)也可自行撥打貼文內的聯絡電話/Line，是最快最直接的。1688醫師職缺群私訊客服Line 如下https://lin.ee/GlaQY3H,F
1669657500,社群副管理員,"日後 好拿的持續教育學分 會分流 貼在 新設立的聊天群 (設置頂公告)讓 版面乾淨些歡迎加入各位醫師晚安 本社群創立1周已經突破600人, 離沈前輩理事創立的實名醫師群2700人、綜合人力群5000人， 我們人氣越來越旺我們的信念是 透過社群的交流，由群體的智慧來增進群體的利益 同時也調和雇主、受雇的權益。廢話不多說，本群是醫師職缺群力求版面乾淨。相信有許多職缺大家很悶(假日兼任兼職是否應該多加價？)、想討論(特別的薪資這麼高？有無暗黑)。所以我們?設了一個聊天Lounge群，歡迎大家將職缺截圖入內討論。同時這個Lounge群也會把好拿的線上教育學分、群友想發起的醫藥材團購、別的群的好康、專屬醫師的好康， 請各位群友踴躍發言。不設限 歡迎入群聊天入群連結https://bit.ly/3XCLlwN",F
1669657800,群主David1688,例如這個一般科診所  開的薪資 有點高  會不會有暗黑的內幕   之前逛到這篇新聞如果有人在洗管制藥？https://news.tvbs.com.tw/local/1972727,F
1669658040,群主David1688,比較討論、閒聊的事情， 大家可以分流到 聊天群去 聊天本版 就比較乾淨...聊天群那會轉貼(歡迎大家貼文) 聚焦1. 好拿的線上持續教育學分2.代轉其他醫療團購 (沈理事的群 最近在團購醫師椅，12月醫療展可以試坐，請入他們的群問問)3.其他醫師專屬福利 (沈理事的汽車群 也有人團購賓士11月底結單),F
1669748820,社群副管理員,桃園內壢/專任/不分科(家醫科)/9=30作者loveislove (喜歡旅遊的大嬸)看板medstudent標題[徵才]桃園內壢診所找醫師時間Mon Nov 28 18:54:31 2022內壢火車站附近家醫科診所需帶照9節/週：30W， 生活品質或事業衝刺，節數可談工作內容：do葯為主診所備有停車位及套房，也方便外縣市同伴到桃園發展！意者可洽Line：fghkimo(轉自ptt),T
1669701720,群主David1688,彰化田中/兼職/不分科徵?兼職醫師?地    點：田中某地區醫院(emoji)       ：晚班，假日班(輪流)，不限科別(emoji)可帶照兼職或報備支援待    遇：面談電    話：0971-630379聯絡人：林小姐（如忙碌中沒接到電話，請留簡訊(emoji)）(轉自 5000 群),T
1669706880,輝哥,宜蘭縣三星鄉診所，誠徵家醫科專兼任醫師。節次可談，待遇從優，團隊相處融洽。如有合夥意願，也可討論。意者請洽 0983531631林先生（若忙碌中未接來電，請簡訊留言，謝謝）。—————宜蘭縣三星鄉家醫科診所出租，共4層樓，診所設備齊全，附設電梯、放射室、檢驗室及治療床等，無需再裝潢，可直接開業使用（適合作為聯合診所）。原址旁另有新蓋大樓出租，位於市區，共5層樓，附設電梯，需自行裝潢。該診所在地開業將近30年，有固定長期病患者，可承接既有客源，不用從零開始。原有藥師、護理工作人員可協助聯繫。意者請洽 0928211262 洪先生 可留訊回覆。,T
1669740720,Chris,招募：雙北地區企業臨場服務醫師- 職缺：正職，需職登本醫院；- 醫師證書：1. 具備醫師專科證書（專科不限）；2. 臨場服務受訓合格證書；- 服務範圍：雙北地區；- 工作時間：排班制，正常工作日，時間靈活；- 工作內容：協助企業執行臨場服務；- 薪資：面談，掛照費+節金；- 其他注意事項：1. 需配合醫院排班；2. 需有交通工具；3. 需配合醫院關於臨場服務的規範和要求；4. 在提前告知並被允許的情況下，可以兼職支援其他醫療機構；5.無臨場服務經驗，亦可.若有興趣，可電話聯繫徐小姐：02-2577-8660#263.,T
1669840380,群主David1688,板橋府中/專任兼任/不分科《誠徵專任、兼任醫師》板橋的耳鼻喉科診所誠徵專任耳鼻喉科、內兒科、家醫科、一般科醫師。有基層看診經驗為佳，無經驗亦可。診次可議，高保障薪加PPF。另徵六日、晚診兼任醫師。熟局部治療為佳。近府中站。0986-888-828郭轉自5000群 第二次刊登,T
1669803720,群主David1688,桃園八德/專任/不分科* 誠徵專任醫師 *科別 : 家醫科、耳鼻喉科、小兒科、內科、急診專科、新陳代謝科或腸胃科醫師一位。地址 : 桃園市八德區時間 : 每周 5-8 診，可議薪資 : 牌費+診費+PPF，優於一般行情，無診所經驗可，多人診所，排班、換班、休假均很方便意者請洽：0920735470 洪小姐(轉自桃園群 第二次刊登),T
1669803840,群主David1688,桃園南區/專任/不分科徵：?醫師?地點：南桃園電話：0-9-1-8-1-2-0-0-9-1聯絡人：詹醫師一週7~8節，prefer內科方面（兒科、GI、皮膚、內科、家醫科），至少三年以上門診經驗、可獨當一面者。有關薪資、入股等細節當面洽談。(轉自 桃園群 第二次刊登),T
1669815480,群主David1688,宜蘭市/專任/復健科宜蘭陽明交通大學附設醫院誠徵復健科專科醫師/教學醫院規模免值班/宜蘭好山好水，歡迎共同發展請洽03-9325192-72120行政助理李小姐(轉自 復健醫學會群),T
1669817760,群主David1688,竹北台南/專任/復健骨科神內風免等《誠徵 專科醫師》竹北及台南的骨科復健診所誠徵專任骨科/復健科/神內/風免醫師約8-10診，高保障薪，有年終獎金希望好相處 好溝通∼聯絡對象：曾小姐Email:tlishu@mail2000.com.tw轉自  5000人群,T
1669834560,阿祐,《誠徵 專科醫師》台北汐止的復健科復健診所誠徵骨科/復健科/神內/風免醫師薪資條件可談，少節次可聯絡對象：魏醫師零92零994195,T
1669923420,Owen,[照片],F
1669890000,Ethan,誠徵醫師科別 : 誠徵家醫科、新陳代謝科，小兒科、一般科或內科專科醫師一位。地址 : 桃園市中壢區高?A17附近時間 : 每周6-9診薪資面議，含牌費+診費+PPF其他福利：醫師機構責任險及團體保險亦可先報備支援兼診，彼此磨合。詳情請洽 0916-746-259林醫師如上診未接電話，請先傳訊息，謝謝,T
1669890180,敏睿HR,"禮聘優質醫師桃園，中壢，三峽優質社區診所聯盟，環境佳, 醫師相處互助融洽, 歡迎有衝勁或有經驗的醫師加入團隊，備有完整的基層看診培及入股機會, 培訓完成鼓勵醫師開業或合作經營舊診所或新診所開發, 讓優質醫師共享創業利潤!科別不拘，家醫科內科復健科尤佳請聯絡03-2550908人資李主任安排各診所院長詳談時間, 期待找到熱情的您，一起跟著診所成長！",T
1669910400,Dr.Chen,誠徵醫師科別 : 誠徵家醫科、成人新陳代謝科，小兒科、小兒過敏科一般科或內科專科醫師一位。地址 : 板橋/土城/樹林時間 : 每周6-9診薪資面議：牌費+平日與假日診費+PPF福利：醫師醫療責任險/季度業績分紅/診所入股詳情請洽 0-9-8-3-7-1-8-5-8-6陳醫師如上診未接電話，請先傳訊息，謝謝,T
1669911120,普普風,不好意思 請問有前輩知道推廣垂直醫療的「轉銜計畫」嗎？身為基層的診所醫師如果與出院醫院合作，交班需要做什麼嗎？,F
1669911480,普普風,對方要求要視訊,F
1669911480,普普風,還要拍照…,F
1669911600,普普風,請問單純交班就好 有需要其他回覆嗎？或是如果病人後續有什麼醫療狀況需要回覆主責醫院嗎？,F
1669911600,普普風,因為我看公文主責醫院似乎會追蹤半年,F
1669911960,社群副管理員,各位前輩， 我們討論聊天區 分流在 這裡，  下次再麻煩  移駕到   醫聊無上限群您已被邀請加入「醫聊無上限醫起聊~醫師Lounge/教育學分/職缺討論/醫藥材團購、轉讓 1688 DocJob」！請點選以下連結加入社群！https://line.me/ti/g2/afOBW9YvGhmiRf1Fx5_0oK7au3tH3bZ2DBpoAg?utm_source=invitation&utm_medium=link_copy&utm_campaign=default,F
1669998480,社群副管理員,@普普風  @葉醫師@台北再麻煩各位先進了， 謝謝您們,F
1669969080,huang123,桃園/專任或兼任/不分科中壢區診所，誠徵內，兒，家醫，急診專科醫師，待遇優，節數4~9節，可彈性調整，舒適穩定的工作環境，合宜的門診量，不會太累，歡迎轉職來電洽詢，新舊醫師，不必擔心電腦系統，不熟悉會輔導上手，可一起合作共同分享利潤，歡迎跨縣市上班，近交流道，備停車位。來電詢問，如看診中未接來電，請留訊息，儘快回覆。0931035455 黃醫師。亦徵兼職，節數彈性，需報備支援。,T
1669970340,熱血兼職醫,各位前輩大家好，請問有南部的兼診資訊可以了解嗎？謝謝??,F
1669970700,群主David1688,之前有人 登高雄醫美   我幫你看看。另外 11/19 5000 人群有個貼文誠徵 醫師高雄市南區耳鼻喉科診所誠徵耳鼻喉專科，小兒科專科，家醫科專科醫師一週6-9節(看多看少，彈性皆可）薪資優，專任醫師多位醫師看診，兼顧家庭以及生活品質，出國排休方便。歡迎有興趣長期合作的醫師洽詢。歡迎親洽劉醫師0930633325（可先簡訊，看診時不方便接手機),T
1669970760,熱血兼職醫,謝謝各位前輩，我再來研究跟找尋！謝謝幫忙,F
1669971300,群主David1688,另外 自薦 有個格式 可以參考 或許可以加速媒合(自薦參考格式 在記事本)地區/兼任/一般科 或xx科/醫師找兼職兼診: 陳醫師#簡歷/證照: PGY結訓，GAP year 或是 家醫科專科，糖尿病共照網資格(或其他戒菸、長照 某某醫學會會員等等)。或執登於家醫科、一般科 等等。#可兼職地區:  高雄市、#可兼職時段:周一周二上午 週五晚上聯絡方式: LINE 或是 email 電話等等如果低調害羞，就申請一個 gmail  提供聯絡#其他自介/補充/經驗/希望待遇(參考格式，再自行修改，等等),F
1669971360,群主David1688,搜尋  台南  結果(請善用搜尋)誠徵   報備支援「醫師」地點:  台南市安南區診所科別：耳鼻喉科 兒科家醫科支援時段：每週固定2診。意者請洽：0928338178或line: yoyo零928338178,T
1669972260,熱血兼職醫,謝謝幫忙,F
1669986120,社群副管理員,板橋/專任/耳鼻喉科[誠徵?耳鼻喉科專任醫師新北板橋耳鼻喉科診所近江子翠捷運站每週約6到8診歡迎長期合作的醫師0935192546李醫師(pm1-4)。其他時間或無法接聽請留簡訊 謝謝(轉自 實名制群 by 李醫師),T
1669990140,群主David1688,台北/專任兼任/內科台北診所，徵專或兼任內科醫師，待優！請電0930880758 王醫師。(轉自 桃園群),T
1670109060,群主David1688,台中市西區/兼任/家醫小兒內專誠徵長期兼任醫師科別 : 誠徵家醫科、小兒科或內科專科醫師一位地址 : 台中教育大學對面時間 : 每週二四2節夜診（或加週六下午）共2∼3診（班表亦可配合您調整）薪資面議，含診費+PPF可先報備支援兼診詳情請洽 0954087827簡醫師(轉自 5000人群),T
1670155560,梅根醫師復健科,《誠徵 短期代診醫師》亦歡迎《全職醫師》宜蘭市/兼任/掛照/骨科/復健科/神內/風免醫師1/12-1/18每天一診 需掛照時薪：3000元全職薪資待優，節次可談。聯絡人：林醫師零97 二 122巴六3,T
1670156280,社群副管理員,宜蘭市/兼任專任/骨科/復健科/神內/風免醫師1/12-1/18每天一診 需掛照時薪：3000元《誠徵 短期代診醫師》亦歡迎《全職醫師》全職薪資待優，節次可談。聯絡人：林醫師零97 二 122巴六3(謝謝前輩  第一行 是這個樣子  以後會方便讓程式自動去擷取分類 做成網頁版),T
1670158140,群主David1688,宜蘭市/兼任專任/骨科/復健科/神內/風免醫師補充說明，因負責醫師出國，本件不是報備支援，需要短期執登在該院所，但無須擔任負責醫師。除短期掛照，亦可長期專任。,T
1670147640,群主David1688,周末小提醒， Line社群的背景是可以換成自己想要的， 純黑 或是 綠色比較不傷眼？或是換上自己喜歡的圖教學文連結https://bit.ly/3W6zpC3,F
1670169600,群主David1688,桃園蘆竹/專任/外骨家誠徵「 醫師 」桃園市蘆竹區診所，近南崁交流道三分鐘，交通便利.誠徵專任醫師一位外科，骨科 或 家醫科?科醫師。（需熟悉外科治療作業）每週5-9節，星期日固定休診。請洽0913070603 或03-2129955 孫醫師e-mail : drsunwei@yahoo.com.tw(轉自 桃園群 by 孫醫師 再次刊登 徵求中),T
1670173260,群主David1688,桃園/專任/眼科徵?醫師?眼科地點：桃園眼科連鎖診所聯絡電話：0908738058聯絡人：朱醫師薪資：面議*本診所?全眼科診所，有各式眼科雷射，準分子雷射飛秒雷射，眼科醫師可學習飛秒及屈光，永久保障薪，超高抽成*交通方便有停車位(轉自 桃園群 by 朱醫師),T
1670269800,社群群主David,"新竹市/專任/小兒家醫耳鼻急診內科誠徵 專任/兼職醫師家醫科、兒科、ENT, 內科 急診科 皆可。近新竹市公道五交流道，交通便利。每週6~7節門診，假日輪班。薪資面議，含牌費+診費+PPF其他福利：醫師責任險亦可先報備支援兼診，彼此磨合再議。詳情請洽 0936951667 王醫師(轉自 5000 群 by 王醫師)",T
1670228340,群主David1688,台中南屯/專任/小兒家醫耳鼻喉誠徵 醫師台中市南屯區診所誠徵兒科、家醫科、耳鼻喉科專科醫師一週1-8節(主要需求:週二、週五、週日夜診)薪資優，可掛牌專任薪水:牌照費(如有掛牌)+節數費+PPF休假:農曆春節固定休除夕到初四共5天多位醫師看診，兼顧家庭以及生活品質，出國排休方便。歡迎有興趣長期合作的醫師洽詢。歡迎親洽邢醫師0975-327365(可先簡訊，看診時不方便接手機)(轉自 5000 群， by  邢醫師， 再次徵求中 ),T
1670240820,群主David1688,[照片],F
1670240820,群主David1688,轉自屏東醫師公會 會刊,F
1670199420,社群副管理員,彰化/專任/家醫小兒內科其他誠徵 「醫師」彰化縣一般科診所（國道一號交流道8分鐘），誠徵家醫科、內科、小兒科或其他科醫師診費 + 牌費+PPF多人輪班 放假彈性待優，享勞健保意者請洽 林醫師零玖壹零捌六玖玖六貳(轉自 實名制群 by 林醫師 再次刊登),T
1670343120,群主David1688,高雄鳳山/代班/骨科復健高雄/ 代診/ 骨科或復健科。誠徵 「代診醫師」：復健科 或 骨科醫師。高雄鳳山區。骨科復健科診所。需求：2023/ 01/ 30（一）夜診2023/ 02/ 03（五）夜診2023/ 02/ 04（六）早診需報備支援。意者請洽 林醫師 0912-655755(轉自 5000 群 by 胡小姐),T
1670319240,黃ER,台中大甲誠徵兼診?師需求  星期二下午  星期四夜      星期六夜  /其它時段也可談需報備友援意者請洽  黃?師0912662981/可留言或?訊,T
1670448900,jill,誠徵：正職醫師/負責人地點:：鹿港鎮、台中市太平區，近捷運站、中小學附近科別：眼科、GI、CRS、內科、或家醫科或皮膚科，薪資：牌費+診費+PPF有關薪資入股等細節可當面洽談意者請洽聯絡窗口：林921615528或lineID電話（預計2023年3月後開業）一週7~8節，prefer內科方面（兒科、GI、皮膚、內科、家醫科），至少三年以上門診經驗、可獨當一面者。有關薪資、入股等細節當面洽談。,T
1670402160,tomi,轉po「急」誠徵職業醫學專科醫師掛照高屏地區醫院掛牌費：優聯絡： 0963309077 或吳小姐 0902217168,T
1670374560,善心,誠徵 專任/兼職醫師新北市診所：家醫科、兒科、內科 、急診科 皆可。近國道一汐止交流道，交通便利。每週6~9節門診，時段任選。高薪面議，含牌費+診費+PPF亦可先報備支援兼診，彼此磨合再議。詳情請洽 0928-274-505,T
1670532600,社群副管理員,台東/專任/小兒家醫內科?誠徵「專任醫師」台東市區診所誠徵內科、兒科或家醫科醫師每週6-8節，診所業績穩定，待優，有推薦的人選請洽 0933692908(轉自 實名制群 by 尤醫師),T
1670505000,小貓醫師,需求：勞工健康保護醫師 臨場服務1名地點：新竹科學園區服務次數：1 年 12 次，每次2小時，薪資：可議，車馬費另計聯絡方式: 劉小姐 0968-395-135註：需職安署報備,T
1670616000,HK,"醫師:1.誠徵內科、外科、家醫科、肝膽腸胃科醫師，3節、6節、9節，時段任選。薪資佳(面洽)，掛牌專任，有各種PPF，無上限。農曆春節休5天，由除夕到年初四。特點：可兼顧家庭及生活品質，多位醫師看診，出國排休方便。2.在七堵火車站附近,往返台北20分鐘。3.歡迎長期合作醫師。 4.聯絡人 : 陳小姐  0933920870",T
1670582220,傑夫,週6診25真香??,F
1670582400,minstreller,新手 想請教 兒科 在中部地區 8診+牌照行情區間大約在多少？ ??,F
1670582880,普普風,兒科5/4吧 中部很低??,F
1670584140,666,兒科要去北區呀,F
1670584200,666,桃竹苗薪水高,F
1670584260,心內V,"心臟內科醫師找工作,有合適機會嗎？",F
1670584380,小貓醫師,@心內V 我們這邊有、我診所已經有一位心臟內科醫師、我們有另外一間聯合診所、請問怎麼聯絡！？我的手機0-9-7-5-3-7-6-3-7-9,F
1670584440,群主David1688,建議用自薦格式 標明地區更容易媒合成功。自薦參考格式地區/兼任/一般科 或xx科/醫師找兼職兼診: 陳醫師#簡歷/證照: PGY結訓，GAP year 或是 家醫科專科，糖尿病共照網資格(或其他戒菸、長照 某某醫學會會員等等)。或執登於家醫科、一般科 等等。#可兼職地區:  高雄市、#可兼職時段:周一周二上午 週五晚上聯絡方式: LINE 或是 email 電話等等如果低調害羞，就申請一個 gmail  提供聯絡#其他自介/補充/經驗/希望待遇(參考格式，再自行修改，等等),F
1670584740,大甲東醫霸,[貼圖],F
1670584860,心內V,"心臟內科醫師找工作,有心專,介入專,電生理專,無業一個多月,從前只有醫院經驗,南部（嘉義,台南,高雄)為主, 其他地也考慮, e mail  hwanglin123@gmail.com",F
1670545560,minstreller,牌只有4萬？@@,F
1670545620,普普風,牌5啊,F
1670545620,Ethan,誠徵醫師科別 : 誠徵家醫科、新陳代謝科，小兒科、一般科或內科專科醫師一位。地址 : 桃園市中壢區高?A17附近時間 : 每周6-9診薪資面議，含牌費+診費+PPF其他福利：醫師機構責任險及團體保險亦可先報備支援兼診，彼此磨合。詳情請洽 0916-746-259林醫師如上診未接電話，請先傳訊息，謝謝,T
1670545620,內科,結果PGY掛牌都不只，難道兒專價值是負的？,F
1670545680,群主David1688,聊天性質 另外有個聊天子群  在麻煩下次往那邊移動謝謝大家建議 比較聊天  日後可以往聊天區移動  您已被邀請加入「醫聊無上限醫起聊~醫師Lounge/教育學分/職缺討論/醫藥材團購、轉讓 1688 DocJob」！請點選以下連結加入社群！https://line.me/ti/g2/afOBW9YvGhmiRf1Fx5_0oK7au3tH3bZ2DBpoAg?utm_source=invitation&utm_medium=link_copy&utm_campaign=default,F
1670546100,社群副管理員,桃園區/專任/小兒耳鼻喉家醫誠徵    專職醫師科別：兒科、家醫科、耳鼻喉科地點：桃園市桃園區兒科診所薪資：執照費+鐘點費+PPF節次：可談享醫責險，病患以兒科為主，工作氣氛佳。意者請洽楊醫師0986828859未接請留言或簡訊(轉自實名制群 by 楊醫師),T
1670624160,群主David1688,彰化/專任/家醫小兒內科其他誠徵 「醫師」彰化縣一般科診所（國道一號交流道8分鐘），誠徵家醫科、內科、小兒科或其他科醫師診費 + 牌費+PPF多人輪班 放假彈性待優，享勞健保意者請洽 林醫師零玖壹零捌六玖玖六貳( 轉自 5000人群  持續徵求中),T
1670626200,Be happy everyday,請問,F
1670626200,Be happy everyday,腎臟科目前出去受僱，行情如何,F
1670627580,群主David1688,討論/聊天性質 請往子群聊天區  謝謝  ? http://bit.ly/3XCLlwN,F
1670713980,群主David1688,下面這個基層醫療群雖然是團購性質，但是有4xxx人， 過去問問 或許更多前輩可以回應http://bit.ly/3iaOWSo,F
1670668560,社群副管理員,台中南屯/假日兼任/小兒家醫耳鼻喉內科誠徵 兼任醫師台中市南屯區診所誠徵兒科、家醫科、耳鼻喉科、內科專科醫師週日早診or午診or夜診(C3取1或2或3皆可)薪水:節數費(優)+PPF休假:農曆春節固定休除夕到初四共5天歡迎有興趣長期合作的醫師洽詢。歡迎親洽邢醫師0975-327365(可先簡訊，看診時不方便接手機)(轉自 實名制群 by 邢醫師),T
1670782200,善心,誠徵 專任/兼職醫師新北市診所：家醫科、兒科、內科 、急診科 醫師皆歡迎。近國道一汐止交流道，交通便利。每週6~9節門診，時段任選。高薪面議，牌費+診費+PPF。亦可先報備支援兼診，彼此磨合再議。詳情請洽：0928-274-505,T
1670875920,群主David1688,雲林斗六/專任/耳鼻喉小兒家醫誠徵【醫師】（雲林縣斗六市）1.可長期配合，需掛牌，掛牌費另計2.耳鼻喉科專科尤佳（小兒科、家醫科可談）每週7-9節門診，節數可談，週末輪流想排假出遊，都可互相調班薪資、PPF、看診節數可面議商量聯絡方式：1.寄履歷至fornickxxx@gmail.com2. 0972752952 林小姐（LINE亦可）(轉自 5000 群),T
1670833680,心內V,"近15年以上,只在醫院上班,沒在診所工作！",F
1670833800,小貓醫師,@心內V 有興趣先到我們團隊內的診所了解工作環境？,F
1670833920,小貓醫師,0975~376379 這是我的聯絡方式 ! 我們目前已經有一位心臟科的專任醫師! 在台中市市區,F
1670834160,小貓醫師,@心內V 方便留您聯絡方式嗎？,F
1670845740,群主David1688,他好像只留 e-mail 。後續細節請私聊， ????版面比較乾淨， 謝謝大家,F
1670846100,群主David1688,(日後)如果有Line帳號、電話不方便公開，可以私訊1688客服，代轉給雙方@心內V1688醫師職缺群私訊客服Line 如下https://lin.ee/GlaQY3H ,F
1670846160,群主David1688,@心內V   社群內貼line ID 要用 符號隔開  或是數字改成國字   不然LINE系統會自行刪除,F
1670803440,心內V,"心臟內科醫師找工作,有心專,介入專,電生理專,從前只有醫院經驗,南部（嘉義,台南,高雄)為主, 其他地也考慮, e mail  hwanglin123@gmail.com; Line: hwang陸陸捌捌(改阿拉伯數字)",F
1670853540,Jeff,誠徵（醫師）台北市中山區松江南京站4號出口走路3分鐘可到1.可長期配合，需掛牌，掛牌費另計2. 內科尤佳（家醫科也可以）每週11節門診，週日休假薪資、PPF、可面議商量聯絡方式：1.0975-010-881鄒醫師,T
1670962500,群主David1688,板橋/夜診及周六兼任/家醫內科耳鼻喉科家醫科診所尋求週二晚、週四午晚、週六整日固定支援醫師(可掛牌另議)（需可報備支援）（具家醫科、內科、耳鼻喉專科佳）工作內容、薪資條件：慢性處方簽、一般成人小兒感冒、開立抽血單、針劑點滴等一般家醫診所業務診費4000~4500、慢箋、自費抽成、無管理責任無診所經驗有負責醫師可帶上手備醫師停車位，一診3小時意者請洽 0983141016 陳sir轉自5000 人群,T
1670913900,群主David1688,桃園區/專任/內科小兒家醫耳鼻喉一般科誠徵專任「醫師」桃園區內科兒科家醫ㄧ般科、耳鼻喉科。高牌照費高底薪加抽成、工作輕鬆收入保障、多位醫師排班 出國方便 PPF 、停車位，醫師輪流排休假+專業護理師協助+穩定藥局團隊合作電：請各位醫師不吝賜教0906858006或0933106946 朱小姐轉自5000人群,T
1670914140,群主David1688,新北汐止/專任、兼任或轉讓/內科小兒科等徵?醫師?，之後也可承接新北市汐止內兒科，已開業40年；病人穩定、業績好、慢箋很多誠徵服務醫師，之後如果有意願，可以承接，老闆也打算退休意者請洽0928-081-960楊醫師：若楊醫師看診中，也可找先生娘：0928-274-505轉自5000人群 by 沈理事代貼,T
1670891400,群主David1688,淡水/專任/腎臟科徵洗腎診所負責醫師（需腎專掛牌）地點：新北市淡水區工作時間：週一至週六，10-15節（夜班可上可不上，週間可休）待遇：面議（底薪+PPF)聯絡電話：0929-182-001王醫師轉自5000群 by Jeremy@Be happy everyday  打去問問，剛好有人招募中,T
1670952000,群主David1688,彰化市/專任/耳鼻喉家醫內科小兒科誠徵 「醫師」彰化市耳鼻喉科診所（近74號中彰快速道路快官交流道，距市政路約10分鐘），誠徵耳鼻喉科、家醫科、內科、小兒科或其他科醫師診費 + 牌費+PPF待優，享勞健保，備停車位及休息室意者請洽 陳醫師零玖參壹玖玖玖伍捌 參(轉自中彰群 by 陳醫師),T
1671048900,群主David1688,新竹市/專任/腎臟科洗腎診所誠徵『腎臟專科醫師』洗腎室負責醫師地點：新竹市工作時間：週一至週六待遇：面議（高底薪+PPF)待遇優、全新裝潢、環境舒適、交通便利、福利佳、附車位一週可到10節、薪資面議聯絡人：林小姐電話：0983472068轉自 5000 群,T
1671016440,群主David1688,南彰化/專任/耳鼻喉小兒家醫內科誠徵【醫師】（南彰化）1.可長期配合，需掛牌，掛牌費另計2.耳鼻喉科、小兒科、家醫科、內科專科醫師每週6-9節門診，節數可談，週末輪流想排假出遊，都可互相調班薪資、PPF、看診節數可面議商量聯絡方式：1.寄履歷至lazystone @gmail.com2. 0-9-3-6-3-2-1-2-8-9張醫師轉自5000 人群,T
1671023400,群主David1688,千年小提醒 社群內文內貼line ID 要用 符號隔開  或是數字改成國字   不然LINE系統會自行刪除,F
1671026100,群主David1688,桃園楊梅/專任/多科系南桃園誠徵專任醫師科別 : 家醫科、新陳代謝科，小兒科、GI、心臟內科、一般科或內科專科醫師。地址 : 桃園楊梅區診次 : 每周6-9診薪資面議請來電0-9-1-8-1-2-0-0-9-1(轉自桃園區) ,T
1671036360,Wang zihao,誠徵（醫師）台北市東區醫美診所1.可長期配合 雷射機器熟悉 一般肉毒 玻尿酸療程有經驗2. 薪資、PPF、可面議商量聯絡方式：1.0920-416-085王先生,T
1671039120,佑（MM),誠徵 純掛牌醫師 （急徵！）台北東區醫美診所無刀房 無手術客源穩定 微整為主牌費 7-8萬聯絡方式張小姐0931-290053,T
1671126180,Chris,招募：雙北地區企業臨場服務醫師- 職缺：正職，需職登本醫院；- 醫師證書：1. 具備醫師專科證書（專科不限）；2. 臨場服務受訓合格證書；- 服務範圍：雙北地區；- 工作時間：正常工作日，上午10-12點，下午14-16點，時間靈活；- 工作內容：協助企業執行臨場服務；- 薪資：面談，掛照費+節金；- 其他注意事項：1. 需配合醫院排班，可協商；2. 需有交通工具；3. 需配合醫院關於臨場服務的規範和要求；4. 在提前告知並被允許的情況下，可以兼職支援其他醫療機構；5.無臨場服務經驗，亦可.若有興趣，可電話聯繫徐小姐：02-2577-8660#263. ,T
1671097980,輝哥,宜蘭縣三星鄉診所，誠徵家醫科專兼任醫師。節次可談，待遇從優，團隊相處融洽。如有合夥意願，也可討論。意者請洽 0983531631林先生（若忙碌中未接來電，請簡訊留言，謝謝）。—————宜蘭縣三星鄉家醫科診所出租，共4層樓，診所設備齊全，附設電梯、放射室、檢驗室及治療床等，無需再裝潢，可直接開業使用（適合作為聯合診所）。原址旁另有新蓋大樓出租，位於市區，共5層樓，附設電梯，需自行裝潢。該診所在地開業將近30年，有固定長期病患者，可承接既有客源，不用從零開始。原有藥師、護理工作人員可協助聯繫。意者請洽 0928211262 洪先生 可留訊回覆。,T
1671103920,陽光,台北市內湖區陽光活力診所誠徵/全職/具臨場服務資格之家醫專科醫師- 正職，需職登本診所；- 條件要求：1. 具備醫師家醫專科證書；2. 臨場服務受訓合格證書訓練；-工作內容：每周可至6診次(含企業執行臨場服務每周1-2次)- 薪資：面談，掛照費+節金；請先寄送履歷：mason_chang@compal.com，張先生收詢問電話: 02-8797-8588 ex. 10868https://www.104.com.tw/job/7scgq?jobsource=cs_ac,T
1671111780,社群副管理員,討論/聊天性質 請往子群聊天區  謝謝  ? http://bit.ly/3XCLlwN,F
1671114480,Umed,誠徵 台中市/專任醫師/內科地點:清水區 五權博士診所徵 內科 家醫科 神經內科一週5-9診彈性高可談，每週有日休診。意者請洽：人事小姐連絡電話：0978-800-321,T
1671290520,振興人,誠徵 桃園市專任醫師地點:楊梅區徵 內科 家醫科 小兒科 復健科 心臟科一週4-9診彈性高可談，執照費+ 診費+獎金+PPF。意者請洽：謝醫師連絡電話：0933-380-772,T
1671241500,群主David1688,40萬起/台中麻醉/專任轉自  FBhttps://bit.ly/3HIlazi《徵才》說好的徵人啟事來囉∼1、各位支持訢悅的好朋友們，訢悅公司成立即將滿一年了。因應本年度業務的快速成長，我們想藉此機會徵求一位工作夥伴。2、徵才條件：合格麻醉專科醫師、一個月至少休8天、薪資條件40萬元起跳，另外因為是新型態的麻醉醫師派遣，本團隊也能明白您對離開醫學中心等大型醫院的擔憂，所以合約內容至少會3年以上，5年以下。3、工作內容包括：兒童牙科鎮靜、醫美診所麻醉、醫院麻醉工作。工作時間因配合手術有可能延伸至夜間時段，但原則上不會到半夜，不需值夜班。4、如果有興趣應徵，請寄簡易履歷到本公司信箱  medstarjoy@gmail.com 並留下聯絡電話以及方便聯絡的時間，將有專人聯繫詳談細節。稀有職缺，錯過再等N年！??#訢悅麻醉團隊,T
1671385800,andre,誠徵?兼職醫師?台中市太平區樹孝路耳鼻喉診所，誠徵耳鼻喉科、兒科、家醫科、內科兼職醫師薪資保證優於一般行情。電話：0909601829蕭秘書(此手機要居護用，如無接聽，可先簡訊）,T
1671464340,社群群主David,謝謝前輩分享  順道宣導非職缺訊息  請移到聊天區子群分流， 讓本群版面乾淨 簡單  謝謝大家討論/聊天性質 請往子群聊天區  謝謝  ? http://bit.ly/3XCLlwN,F
1671442860,社群副管理員,新竹/專任/不限科(皮膚科)<新竹 皮膚專科診所>誠徵專任醫師無科別限制節次時段可談，少節次亦可皮膚疾病與美容醫學訓練請有意願的醫師與我們聯絡！電話0912971001 如無接，請簡訊(轉自 實名制 醫師群 by 吳醫師 ),T
1671445080,Ethan,誠徵醫師科別 : 誠徵家醫科、新陳代謝科，小兒科、一般科或內科專科醫師一位。地址 : 桃園市中壢區高?A17附近時間 : 每周6-9診薪資面議，含牌費+診費+PPF其他福利：醫師機構責任險及團體保險亦可先報備支援兼診，彼此磨合。詳情請洽 0916-746-259林醫師如上診未接電話，請先傳訊息，謝謝,T
1671447300,社群副管理員,討論/聊天性質 請往子群聊天區  謝謝  ? http://bit.ly/3XCLlwN(普先生 麻煩您 謝謝),F
1671457620,James,@社群副管理員 你好,F
1671459660,社群副管理員,您好 歡迎入群  有任何問題可以用 1688客服Line 私訊哦1688醫師職缺群私訊客服Line 如下https://lin.ee/GlaQY3H ,F
1671459960,社群副管理員,桃園、八德區/專任 兼任/小兒耳鼻喉家醫誠徵?醫師?桃園市耳鼻喉、家醫診所，誠徵耳鼻喉科、兒科、家醫科、內科及一般科醫師地區：桃園、八德區一周2-7節，交通方便，電話：0937005636張小姐（如無接聽，可先簡訊）轉自 實名制群 by 翁醫師,T
1671468840,群主David1688,台北大安/專任 兼任/醫美大安區忠孝敦化捷運口（環境舒適團隊活潑客源穩定）皆使用原廠產品耗材安全有保障並協助稅務長期專任合作、兼任可需報備支援需熟悉雷射操作、玻尿酸肉毒注射、音電波施打每周一三六時間13:30-19:30可調整待遇：診費+Ppf聯絡窗口: line:0913038885James,T
1671477360,Jeff,誠徵（醫師）台北市中山區松江南京站4號出口走路3分鐘可到1.可長期配合，需掛牌，掛牌費另計2. 內科尤佳（家醫科也可以）每週11節門診，週日休假薪資、PPF、可面議商量聯絡方式：1.0975-010-881鄒醫師,T
1671565560,Dr.Chen,誠徵醫師數名 板橋/土城/樹林診所聯合徵才誠徵全職醫師數名(內科/家醫科/小兒科不一定需要次專)1.工作彈性節次5-7節 / 週(隔週輪上假日班)需兩地支援為佳2.待優薪資另有PPF/需帶照非報備支援 平日5/假日6  牌照另計3.鄰近火車站/藍色捷運線/二高交流道 備免費平面停車位4.歡迎態度親切、耐心負責、溝通能力佳的醫師加入5.薪資面議依照資歷能力給薪請洽0-9-8-3-7-1-8-5-8-6,T
1671527220,社群3號管理員,雲林斗六/專任/耳鼻喉小兒家醫(12/20 持續徵求中 from 實名制 by 張醫師),T
1671528960,社群副管理員,台北景美/專任兼任/耳鼻喉科等(()誠徵專任/兼任報備醫師())耳專優先、其他科亦歡迎，無LMD經驗可 ，節次4-8節文山區景美女中商圈診所周邊環境優交通便利、病患量穩定素質高待遇好工作氣氛佳、排班休假彈性意者請洽0920752768林醫師(轉自實名制 by 林醫師),T
1671702180,社群副管理員,台北內湖/專任/耳鼻喉家醫內科小兒誠徵耳鼻喉，家醫，內科，小兒科醫師；地點：台北市內湖；專任醫師，每周6-8診，請洽0911026583/02-26596360(轉自實名制群 by 柯醫師 ),T
1671694020,社群副管理員,台北景美/專任/耳鼻家醫小兒內科急徵正職醫師：台北市文山區耳鼻喉科家醫科診所誠徵耳鼻喉科，家醫科，內兒科醫師診次一週6-7節，掛牌+診次費+PF，近景美女中0958941312 劉醫師若是看診中沒接到電話，可先傳訊息∼∼轉自 純醫師群,T
1671733440,社群副管理員,新北永和/代班誠徵支援醫師新北市永和區12/24（六）晚診12/25（日）早、午、晚12/26（一）午12/27（二）早、午有停車位聯絡電話：0916317099轉自實名制醫師群 by  謝醫師,T
1671820020,社群副管理員,台中北屯/專任兼任/耳鼻喉家醫小兒內科誠徵 掛牌專任醫師（可先兼任）台中市北屯區耳鼻喉科診所（近崇德文心捷運站）誠徵耳鼻喉科、家醫科、小兒科、或內科專科醫師一週6-8節(需輪夜診及假日診）薪水：牌照費+節數費+PPF多位醫師輪診，可兼顧家庭以及生活品質歡迎有興趣長期合作的醫師洽詢電洽蔡醫師0922-668696(請先簡訊聯絡)轉自實名制醫師群,T
1671816240,群主David1688,新竹北區雲林斗南/復健科專任醫師誠徵復健科醫師1.雲林縣斗南鎮 (南昌診所，服務醫師)2.新竹市北區 (大鵬診所，服務醫師)工作單純，休假彈性。待優，診數及薪資面議。長期有擴展合作診所機會。請洽管醫師 0935-018882轉自復健醫學會社群,T
1671816780,群主David1688,台南台中/專任/內科外科家醫科徵《復健科/內/外/家醫科/其他科》專科醫師，歡迎介紹：一、復健科，誠徵復健科醫師1.雲林縣斗南鎮 (南昌診所，服務醫師)2.新竹市北區 (大鵬診所，服務醫師)工作單純，休假彈性。待優，診數及薪資面議。長期有擴展合作診所機會。請洽管醫師 0935-018882二、內外家醫科，徵《內/外/家醫科/其他科》醫師，歡迎介紹：1.台南市東區裕東診所2.台中市大里區元里診所3.台中市南屯區家康診所待遇優（開業生態無成本壓力），工作單純，休假極有彈性看診節數及薪資面議未來可共同擴展合作新診所請洽周醫師 0936-091625(轉自 5000人群),T
1671921240,Jeff,誠徵（醫師）台北市中山區松江南京站4號出口走路3分鐘可到1.可長期配合，需掛牌，掛牌費另計2. 內科尤佳（家醫科也可以）每週11節門診，週日休假薪資、PPF、可面議商量聯絡方式：1.0975-010-881鄒醫師,T
1671868200,社群副管理員,台北大安/單次/麻醉支援請問有 麻醉科醫師 可以支援1/6 8:30 內視鏡前額拉皮+隆鼻 手術全身麻醉嗎？ 8-10小時by 實名制 沈膺聖醫師,T
1671880200,群主David1688,屏東多點/單次/疫苗?(其實公部門是可以找出名目，從3435 加到5000 的????????????)與原住民共度聖誕跨年佳節，  這職缺貼文要轉念一下，親近大自然的好機會。屏東醫師公會會務人員，轉自轉知衛生局詢問需要找支援醫師，請可以支援醫師填寫姓名於下方空格，謝謝。支援單位@施打地點泰武鄉衛生所@Singlit樂智社區服務據點12/23(五)上午0850-1200 (          )1位來義鄉衛生所@南和活動中心12/24(六)上午0850-1200(洪敏榮)1位來義鄉衛生所@望嘉活動中心12/24(六)下午1250-1600(         )1位鹽埔鄉衛生所@7-11永盛門市12/24(六)上午0850-1200(          )1位鹽埔鄉衛生所@洛陽村龍虎宮12/24(六)下午1250-1600(          )1位春日鄉衛生所@力里集會所12/26(一)上午0850-1200(         )1位春日鄉衛生所@春日集會所12/26(一)下午1250-1600(         )1位獅子鄉衛生所@丹路活動中心12/26(一)上午0850-1200(         )1位獅子鄉衛生所@內獅活動中心12/26(一)下午1250-1600(          )1位內埔鄉衛生所@和興村活動中心12/28(三)下午1250-1600( 李昭仁 )1位牡丹鄉衛生所@牡丹集會所12/26(一)上午0850-1200(          )1位牡丹鄉衛生所@石門集會所12/26(一)下午1250-1600(       　)1位林邊鄉衛生所@林邊火車站12/27(二)下午1250-1600( 蘇榮承）1位滿州鄉衛生所@滿州鄉公所對面12/29(一)上午0850-1200(         )1位滿州鄉衛生所@永靖羅峰寺12/29(一)下午1250-1600(         )1位竹田鄉衛生所@西勢村辦公處12/29(四)上午0850-1200( 李昭仁 )1位潮州鎮衛生所@尚青黃昏市場12/30(五)下午1250-1600( 李昭仁 )1位支援費用：3435元（施打人數超過100人支援費用5000元）,T
1671882000,群主David1688,屏東恆春/短期多次/小兒急診醫師平安，恆春偏遠地區基督教醫院， 「小兒科急診」 於過年期間， “急需小兒科或急診科醫師”幫忙值班，讓偏遠服務不中斷， 敬請協助我們。感恩！兒科需求的日期如下：1/4   周三17:30至翌日08:001/11 周三17:30至翌日08:001/18 周三17:30至翌日08:001/21 除夕19:00至翌日07:001/22 初一19:00至翌日07:001/24 初三19:00至翌日07:00有關值班費等其他資訊，敬請聯絡：08-8892293 #834 秘書陳小姐(轉自 小900群),T
1671882960,高雄診所麻醫,台北麻醉支援可以先問問麻醉合作社看看,F
1671883140,社群3號管理員,求問 前輩 有無麻醉合作社連結？ 我們轉給沈醫師謝謝您的分享 與回饋 感恩,F
1671840480,社群副管理員,南彰化/專任/耳鼻喉小兒家醫內科誠徵【醫師】（南彰化）1.可長期配合，需掛牌，掛牌費另計2.耳鼻喉科、小兒科、家醫科、內科專科醫師每週6-9節門診，節數可談，週末輪流想排假出遊，都可互相調班薪資、PPF、看診節數可面議商量聯絡方式：1.寄履歷至lazystone @gmail.com2. 0-9-3-6-3-2-1-2-8-9張醫師(持續徵求中 轉自實名制 by 張醫師),T
1671841980,高雄診所麻醫,https://www.anescoop.com/,F
1671842520,HenryCK,請問高雄市醫師公會成員能參與嗎？,F
1671842760,群主David1688,上班時間 請直接問問 屏東縣衛生局 (窗口是 醫政科？還是什麼科？ 或是 問問醫師公會問一下 衛生局窗口是那位承辦人)直覺是可以報備支援？感覺是年底 在消耗預算？ 還是衝 施打率？ ,F
1671975240,HenryCK,[貼圖],F
1672003080,社群副管理員,高雄市/專任/內分泌科?高雄市中心內科診所 高薪禮聘內分泌專科醫師??目前有穩定病患 看診時段彈性 夜診少 高保障底薪 團隊融洽 極少感冒患者??適合醫師屬性：個性溫和好相處 對高齡病患有興趣??工作環境舒適優雅 交通便利??適合想兼顧家庭與工作的優質醫師 ?鄭小姐 0912056157(轉自實名制群 by 劉醫師 ),T
1672089720,社群副管理員,台中南屯/假日兼任/小兒家醫耳鼻喉內科(假日衝一波 單身發大財假日不想人擠人 這個好)誠徵 兼任醫師台中市南屯區診所誠徵兒科、家醫科、耳鼻喉科、內科專科醫師週日早診or午診or夜診(C3取1或2或3皆可)薪水:節數費(優)+PPF休假:農曆春節固定休除夕到初四共5天歡迎有興趣長期合作的醫師洽詢。歡迎親洽邢醫師0975-327365(可先簡訊，看診時不方便接手機)轉自實名制群 by 邢醫師,T
1672066260,Jeff,誠徵（醫師）台北市中山區松江南京站4號出口走路3分鐘可到1.可長期配合，需掛牌，掛牌費另計2. 內科尤佳（家醫科也可以）每週11節門診，週日休假薪資、PPF、可面議商量聯絡方式：1.0975-010-881鄒醫師,T
1672067460,Ethan,誠徵醫師科別 : 誠徵家醫科、新陳代謝科，小兒科、一般科或內科專科醫師一位。地址 : 桃園市中壢區高?A17附近時間 : 每周6-9診薪資面議，含牌費+診費+PPF其他福利：醫師機構責任險及團體保險亦可先報備支援兼診，彼此磨合。詳情請洽 0916-746-259林醫師如上診未接電話，請先傳訊息，謝謝,T
1672162620,Jou,《誠徵婦產科醫師》高雄市鳳山區婦產科診所誠徵夥伴1. 地點：鳳山區五甲二路2. 一週3-8診（可議），一診2.5∼3小時3. 診費+ppf4.有車庫可停車我們診所是單純做婦科跟16周以前的產檢，沒有開刀。如果有醫美經驗的話，我們也有醫美雷射機器跟肉毒，電音波也可以打意者請洽 王醫師0981678554。 如上診時間未接電話請簡訊通知，謝謝！,T
1672125840,社群副管理員,新北永和/專任/耳鼻喉科誠徵「醫師」耳鼻喉科醫師地點：新北市永和區耳鼻喉科診所已有2位正職醫師，誠徵第三位掛牌醫師，每週約6-8診，牌費+診費+ppf，臨近公車站牌，離捷運站亦5-10分鐘步程，環境單純好相處，容易請假互相支援，意者請洽 0911115792 陳小姐 或 ID: k-r-p-b-9-5(去掉-)轉自實名制群 by 林醫師,T
1672132740,群主David1688,台北大直/專任/耳鼻喉科誠徵耳鼻喉科專科醫師診所地點：台北市大直耳鼻喉科小兒科診所每周約6-7診，薪資高於業界平均，交通方便，診所在公車站牌，離捷運站步行約5到10分鐘，歡迎來電洽詢0911901666 莊醫師轉自 5000人群 by 莊醫師,T
1672133640,Tini,桃園市龍潭區/專任/耳鼻喉科誠徵耳鼻喉科專科醫師診所地點：桃園市龍潭區耳鼻喉科專科診所每周約7-8診，可談！業務單純。享開業的收入，沒有開業的煩惱。薪資計算標準絕對高於業界。距龍潭交流道3分鐘。歡迎來電洽詢0918493273齊先生。,T
1672133820,Lin,誠徵醫師科別 : 誠徵家醫科、新陳代謝科，一般科或內科專科醫師代班1/2.1/16.1/30早診地址 : 桃園市中壢區時間 : 8:30-12:00薪資現領先報備支援兼診詳情請洽 0916-865-255林小姐,T
1672137540,群主David1688,請問診所用的HIS資訊系統是那一套， 如果能備註代班醫師更容易上手順便廣知群友群醫， 如果性質是 短期 代班， 請盡量加註， 方便醫師們搜尋 。謝謝大家,F
1672228260,小貓醫師,需求：職業醫學科專科醫師 臨場服務1名地點：台中霧峰服務次數：1 年 3次，每次3小時，薪資：可議聯絡方式: 余小姐 0906-805-191註：需職安署報備,T
1672215540,社群副管理員,台中北區/專任/小兒家醫?誠徵「專任醫師」台中市北區診所誠徵兒科或家醫專科醫師每週6-8節（需夜診及週日診），團隊相處融洽。診所業績穩定，待優，用心深耕富潛力，歡迎有興趣長期合作的醫師！請洽 李醫師 0934-130355轉自實名制群 by 李醫師,T
1672216440,Lin,早安-∼誠徵醫師科別 : 誠徵家醫科、新陳代謝科，一般科或內科專科醫師代班1/2早診地址 : 桃園市中壢區時間 : 8:30-12:00薪資現領先報備支援兼診詳情請洽 0916-865-255林小姐,T
1672221300,群主David1688,新竹/專任/復健新竹某復健科診所徵負責醫師1、無基層經驗可。2、單純看診。不負管理責任。另有管理團隊負責。3、高保障底薪。另有看診人次提成津貼，自費治療PPF，高年終獎金。4、週六早診，週日固定休診。5、可在醫院兼診。6、產假或請假可停診。7、前一院所離職違約金診所負擔。意者請洽：鍾督導0982-128-744  或                                    E-mail:nbkljklk@gmail.com(轉自 復健醫學會 by 陳醫師代轉貼),T
1672224360,群主David1688,台北大安/專任兼任/家醫內分泌ENT(歡迎雇主自貼 醫師自薦本職缺轉自  5000人群)誠徵 專/兼任家醫科、ENT、內分泌醫師近捷運信義安和站，交通便利薪資及節數面議具糖尿病共照網、勞工健檢資格者尤佳詳情請洽 0980032238 張小姐,T
1672188060,Lin,好的我重發,F
1672188120,Lin,誠徵醫師科別 : 誠徵家醫科、新陳代謝科，一般科或內科專科醫師代班1/2早診地址 : 桃園市中壢區時間 : 8:30-12:00薪資現領使用展望系統先報備支援兼診詳情請洽 0916-865-255林小姐,T
1672244580,社群副管理員,"30up/桃園中壢/專任/家醫內科誠徵  專任醫師（需掛牌）桃園中壢區診所誠徵家醫科、內科專科醫師一週8-10節薪資優30萬up沒問題薪水:節數費7000~7500 +PPF看診品質佳，每節時間2.33~3.5 hr,中間有休息，兼顧拼經濟，家庭以及生活品質。歡迎親洽李醫師 0952-166941( 或可先加line ID：同手機， 記得傳個圖提醒避免遺漏喔！)歡迎台北新北市醫師跨區任職可協助解決住宿問題！轉自 實名制群 by 李醫師",T
1672250460,群主David1688,宜蘭三星/專任掛牌/不分科(求職路上 多細心 多溝通 多跟學長同學聊聊討論)代po誠徵掛牌負責醫師，不限科別1、地點：宜蘭縣三星鄉2、具中華民國醫師執照，可掛牌當診所負責醫師3、週一至週六自選時段看診4、一週只需要看一診5、不需負管理責任其他待遇詳情可面議意者請洽：0975536781 施先生轉自 5000群,T
1672343580,群主David1688,新竹/專任兼任/骨科復健神經內科(轉自 ptt by spotjelly)誠徵骨科、復健科、神經內外科醫師正職、兼職皆可目前有3間診所新竹縣竹東鎮長春聯合診所(長春路2段89號)新竹市松青診所(長春街58號)新竹縣新埔鎮頂竹骨科診所(田新六街56號)享保障薪及PPF 歡迎面談意者請聯繫陳醫師0921430288市話03-5772636（請勿寄站內信）,T
1672297020,群主David1688,桃園中壢/專任兼任?/復健科誠徵 復健科醫師地點桃園市中壢區(後火車站醫院？??)薪資及節數面議詳情請洽 0973339643張主任(轉自 5000 群),T
1672334100,Jim kao,"板橋維力骨科診所誠徵專任骨科, 復健科, 神內, 風免專科醫師我們的特色是:1、深耕在地社群,在乎醫病關係長長久久,健保或自費治療病患選擇2、團隊融洽, 醫護藥PT互相照應3、努力經營線上品牌, 致力於Online-to-Offline的轉換4、多方嘗試新的治療方式, 新的異業結合, 新的領域突破 (三高內科疾病)我們的優勢1、領先的薪資, 牌照費 + 保障診費 +PPF抽成+ 優勢稅賦, 目前需求為每週6-8節, 之後有展店規劃2、週六晚診與週日，固定休息3、交通方便, 搭捷運即可上班, 診次彈性好安排4、設備齊全, 包括骨震波、GE超音波、X光等5、空間完善, 設有徒手運動治療室, 簡易手術房及C-arm, 可執行局麻手術, 脊椎nerve block及其他更高階治療6、歡迎醫院兼診, 我們提倡給病患一條龍的照護7、無行政事務，專心醫療適合我們的夥伴:1、可以是希望跟病患有良好互動, 慢慢診療, 不求推銷自費治療2、也可以是希望能在疼痛治療領域突破, 我們會有職前教學, 教導基本超音波診斷及導引注射技巧3、或是希望藉由網路力量, 擴大自己的優勢, 拍影片寫文章我們都能幫你規畫安排4、歡迎專科醫師新鮮人加入聯 絡 人：高醫師聯絡電話：02-22505550mail : weiliorthoclinic@gmai.com網站 : https://www.weili-clinic.com/地　　址： 新北市板橋區文化路二段19號, 新埔站5號出口",T
1672345140,群主David1688,台中市西區/兼任/家醫小兒內專誠徵長期兼任醫師科別 : 誠徵家醫科、小兒科或內科專科醫師一位地址 : 台中教育大學對面時間 : 每週二四2節夜診（或加週六下午）共2∼3診（班表亦可配合您調整）薪資面議，含診費+PPF需報備支援詳情請洽 0954087827簡醫師(持續徵求中 轉自5000群 ),T
1672346520,Jeff,誠徵（醫師）台北市中山區松江南京站4號出口走路3分鐘可到1.可長期配合，需掛牌，掛牌費另計2. 內科尤佳（家醫科也可以）每週11節門診，週日休假薪資、PPF、可面議商量聯絡方式：1.0975-010-881鄒醫師,T
1672438080,群主David1688,台中北屯/專任掛牌/耳鼻喉家醫小兒內科誠徵 掛牌專任醫師台中市北屯區耳鼻喉科診所（近崇德文心捷運站）誠徵耳鼻喉科、家醫科、小兒科、或內科專科醫師一週6-9節 (需輪夜診及假日診)薪水：牌照費+節數費+PPF診所設備齊全，並有門診手術室多位醫師輪診，可兼顧家庭以及生活品質歡迎有興趣長期合作的醫師洽詢電洽蔡醫師0922-668696 (可先簡訊聯絡)(持續徵求中  專任掛牌 轉自5000群 by 蔡醫師),T
1672408800,群主David1688,??鼓勵明碼標價??，有具體數字的都會盡量設為公告 顯目位置+重要貼文下面這個麻醉科兼任日薪15000  算是市場行情？還是低於？高於？??  討論職缺待遇及聊天，請移到子社群??維持本群版面乾淨??您已被邀請加入「醫聊無上限醫起聊~醫師Lounge/教育學分/職缺討論/醫藥材團購、轉讓 1688 DocJob」！請點選以下連結加入社群！https://line.me/ti/g2/afOBW9YvGhmiRf1Fx5_0oK7au3tH3bZ2DBpoAg?utm_source=invitation&utm_medium=link_copy&utm_campaign=default,F
1672408800,群主David1688,[照片],F
1672419780,群主David1688,屏東泰武/短期/不分科(空氣好 小米酒好一起跨年發大財)泰武鄉衛生所徵求大年初二與初三支援門診的醫師時段：112年1/23早上8:30-11:30下午14:00-17:00晚上18:00-21:00大夜21:00-8:00112年1/24早上8:30-11:30下午14:00-17:00晚上18:00-21:00大夜21:00-8:00上班地點：泰武鄉衛生所內容：一般門診詳細內容請洽泰武鄉衛生所曹小姐08-7832059轉自屏東縣醫師公會,T
1672429020,群主David1688,台北市/專任/企業臨場服務誠徵企業臨場服務醫師(兼部門營運主管)台北市某醫院誠徵臨場服務醫師(兼部門主管，帶領廠護， 另有業務部門開發案源)，需掛牌，需具有臨場服務28+22小時完訓臨場服務資格。有創業企圖心尤佳，可商議底薪+獎金分潤細節。相關細節，請私訊 ID gracefu一六八以上職缺由雇主委託1688無佣代貼，如果委託，1688客服line@在社群記事本。,T
1672435500,群主David1688,[照片],F
1672435500,群主David1688,??鼓勵明碼標價??板橋新埔/專任/家醫內科小兒(但是誰給了他勇氣？能夠寫成保證底薪，PPF加上去更高嗎？)討論薪資 聊天 請往子群http://bit.ly/3XCLlwN,F
1672439340,群主David1688,桃園/專任兼任/內科兒科家醫耳鼻喉科一般科誠徵專任或兼任醫師桃園區內科兒科家醫ㄧ般科、耳鼻喉科，無經驗可培訓。高牌照費高底薪加抽成、工作輕鬆收入保障、多位醫師排班 出國方便 PPF 、停車位0906858006或0933106946 或留言(有時上班無法接聽）Email:chengchuan381@gmail.com(轉自 5000 群  這家滿常貼的 ??????),T
1672526700,朱智盟,桃園/專任/眼科徵?醫師?眼科地點：桃園眼科連鎖診所聯絡電話：0908738058聯絡人：朱醫師薪資：面議*本診所?全眼科診所，有各式眼科雷射，準分子雷射飛秒雷射，眼科醫師可學習飛秒及屈光，永久保障薪，超高抽成*交通方便有停車位(轉自 桃園群 by 朱醫師),T
1672569720,社群副管理員,台南安平/專任/耳鼻喉小兒家醫內科誠徵《醫師》??台南安南區耳鼻喉科診所，誠徵專任醫師（ENT、小兒、家醫、內科..等）??專任每周6-9診，診費+牌費+PPF，近永康，好停車??待遇優渥，稅賦低，工作氣氛佳，交通便利，診所內有兩位長線股票老手，目標是靠股票度日，看診當作服務??可112年2-7月就職，時間可談??意者請洽余醫師0912336458，若漏接電話，請留簡訊，當盡快與您回覆。轉自實名制群 by 余醫師ENTPEDFAMINT,T
1672600620,群主David1688,桃園蘆竹/專任/外科骨科家醫科誠徵「 醫師 」桃園市蘆竹區診所，近南崁交流道三分鐘，交通便利.誠徵專任醫師一位外科，骨科 或 家醫科?科醫師。（需熟悉外科治療作業）每週5-9節，星期日固定休診。請洽0913070603 或03-2129955 孫醫師e-mail : drsunwei@yahoo.com.tw持續徵求中  轉自5000群post log2022/11/162022/12/042023/01/01,T
1672605420,Jim kao,"板橋維力骨科診所誠徵專任骨科, 復健科, 神內, 風免專科醫師我們的特色是:1、深耕在地社群,在乎醫病關係長長久久,健保或自費治療病患選擇2、團隊融洽, 醫護藥PT互相照應3、努力經營線上品牌, 致力於Online-to-Offline的轉換4、多方嘗試新的治療方式, 新的異業結合, 新的領域突破 (三高內科疾病)我們的優勢1、領先的薪資, 牌照費 + 保障診費 +PPF抽成+ 優勢稅賦, 目前需求為每週6-8節, 之後有展店規劃2、週六晚診與週日，固定休息3、交通方便, 搭捷運即可上班, 診次彈性好安排4、設備齊全, 包括骨震波、GE超音波、X光等5、空間完善, 設有徒手運動治療室, 簡易手術房及C-arm, 可執行局麻手術, 脊椎nerve block及其他更高階治療6、歡迎醫院兼診, 我們提倡給病患一條龍的照護7、無行政事務，專心醫療適合我們的夥伴:1、可以是希望跟病患有良好互動, 慢慢診療, 不求推銷自費治療2、也可以是希望能在疼痛治療領域突破, 我們會有職前教學, 教導基本超音波診斷及導引注射技巧3、或是希望藉由網路力量, 擴大自己的優勢, 拍影片寫文章我們都能幫你規畫安排4、歡迎專科醫師新鮮人加入聯 絡 人：高醫師聯絡電話：0933901819mail : weiliorthoclinic@gmail.com網站 : https://www.weili-clinic.com/地　　址： 新北市板橋區文化路二段19號, 新埔站5號出口",T
1672696980,群主David1688,彰化和美/專任/家醫內科誠徵「 醫師 」彰化縣和美鎮診所誠徵專任醫師一位家醫科，一般內科?科醫師。（需耳鼻喉治療作業）每週5-7節，星期六固定休診。請洽0932678904方醫師e-mail : c24728355@yahoo.com.tw轉自5000群,T
1672617600,社群副管理員,板橋/專任/耳鼻喉科[誠徵?耳鼻喉科專任醫師新北板橋耳鼻喉科診所近江子翠捷運站每週約6到8診歡迎長期合作的醫師0935192546李醫師(pm1-4)。其他時間或無法接聽請留簡訊 謝謝持續徵求中 post log:2022/12/022023/01/02,T
1672679640,Ethan,誠徵醫師科別 : 誠徵家醫科、新陳代謝科，小兒科、一般科或內科專科醫師一位。地址 : 桃園市中壢區高?A17附近時間 : 每周6-9診薪資面議，含牌費+診費+PPF其他福利：醫師機構責任險及團體保險亦可先報備支援兼診，彼此磨合。詳情請洽 0916-746-259林醫師如上診未接電話，請先傳訊息，謝謝,T
1672684980,社群副管理員,台南永康/專任/精神科台南永康 林俞仲身心精神科診所誠徵 專任精神科專科醫師診次節數彈性可協調歡迎樂於與病人互動的夥伴們一起投入基層??Email: rudionlin@yahoo.com.twTEL:06-3036006Line: k-i-w-i-a-p-p-l-e-8-8（去掉-）轉自實名制群,T
1672695360,群主David1688,桃園楊梅/專任/多科系南桃園診所誠徵專任或可長期兼職醫師科別 : 家醫科、新陳代謝科，小兒科、GI、心臟內科、一般科或內科專科醫師。地址 : 桃園楊梅區診次 : 每周 診薪資面議請來電0-9-1-8-1-2-0-0-9-1(??持續徵求中 轉自桃園群),T
1672698720,社群副管理員,彰化和美/專任/家醫或內科誠徵「專任醫師」彰化和美，診所誠徵家醫或內科專科醫師1.每週6-8節2.診所深耕當地，病人數穩定3.加入後有三位醫師，請假排班相對輕鬆4.內部員工流動率低，團隊成員默契十足，竭誠歡迎有意願長期合作醫師加入有意者請撥0952950121謝謝轉自 實名制群 by 郭醫師,T
1672785360,社群副管理員,"桃園中壢/專任兼任/家醫內科小兒科誠徵  專任醫師, 兼職醫師桃園中壢區診所（ 火車站前）誠徵家醫科、內科專科，兒科醫師節數可談薪資優, 附停車位薪水:高節數費 +PPF+ 年終分紅，外縣市住宿交通補助看診品質佳，每節時間2~3.5 hr,中間有休息，兼顧經濟，家庭，出國可調班，聯絡電話李醫師 0952-166941持續徵求中 轉自實名制 李醫師",T
1672750140,社群副管理員,中壢平鎮/專任/耳鼻喉科兒科家醫科內科或一般科醫師誠徵 專任醫師桃園市耳鼻喉科、一般科診所，誠徵耳鼻喉科、兒科、家醫科、內科或一般科醫師地區：中壢平鎮區節數可談，交通方便，停車方便。電話：0918953972 （可簡訊）持續徵求中 轉自實名制 by 陳醫師,T
1672733760,群主David1688,桃園中壢/專任/家醫科、內科專科、小兒科或一般科(light bulb)(light bulb)誠徵醫師(light bulb)(light bulb)(red check mark)科別 : 誠徵家醫科、內科專科、小兒科或一般科醫師(red check mark)地址 : 桃園市中壢區後站附近(red check mark)時間 : 每周6-9診，假日輪休(wallet)薪資 : 牌費+診費+PPF(red check mark)目前只有老闆一位醫師，想要增加第二位醫師，老闆同事皆好相處(incoming call)詳情請洽 0937-125200范小姐轉自5000群 by 陳醫師,T
1672850880,社群副管理員,台北景美/專任兼任/耳鼻喉小兒家醫科(()誠徵醫師())文山區景美女中商圈耳鼻喉科、兒科、家醫科，無經驗可 。節次5-8節，牌費+診費+PPF長期可入股合作。在地老字號診所，客源穩定周邊環境優交通便利待遇好工作氣氛佳，目前有三位醫師，排班休假彈性，可兼顧家庭休閑生活意者請洽0920752768林醫師持續徵求中  轉自實名制 by 林醫師,T
1672828920,群主David1688,台中潭子北屯/專任/家醫小兒(light bulb)(light bulb)誠徵醫師(light bulb)(light bulb)(red check mark)科別 : 誠徵家醫科、小兒科醫師(red check mark)地址 : 台中市潭子北屯區附近(red check mark)時間 : 每周6-9診(wallet)薪資 : 牌費+診費+PPF(red check mark)想要增加醫師，老闆同事皆好相處(incoming call)詳情請洽 0931447853呂小姐轉自5000群,T
1672837320,HL,"代po誠徵掛牌負責醫師，不限科別(家醫科/耳鼻喉科優先)1、診所地點：台北市信義區(近捷運永春/松山站)2、具中華民國醫師執照，可掛牌當診所負責醫師3、週一至週六自選時段看診4、一週只需要看一診5、不需負管理責任其他待遇詳情可面議本診所環境清潔舒適,良好專業合作團隊．意者請洽：0910100785  黃小姐",T
1672848120,社群副管理員,高雄前鎮/專任/耳鼻喉小兒、家醫、內科..(歡迎雇主自貼 醫師自薦)轉自實名群 by  廖醫師誠徵《醫師》高雄前鎮區耳鼻喉科診所，誠徵專任醫師（ENT、小兒、家醫、內科..等）專任每周6-9診，診費+牌費+高PPF診所目前有多位醫生，排班請假彈性高請洽廖醫師0963209779。若漏接電話，請留簡訊，當盡快與您回覆。,T
1672849620,群主David1688,[照片],F
1672950780,HDRN,誠徵 專/兼任醫師家醫科、ENT、內分泌醫師近捷運信義安和站，交通便利薪資及節數面議具糖尿病共照網、勞工健檢資格者尤佳詳情請洽 0980032238 張小姐,T
1672921140,林炎良,(()誠徵醫師())文山區景美女中商圈耳鼻喉科、兒科、家醫科，無經驗可 。節次5-8節，牌費+診費+PPF長期可入股合作。在地老字號診所，客源穩定周邊環境優交通便利待遇好工作氣氛佳，目前有三位醫師，排班休假彈性，可兼顧家庭休閑生活意者請洽0920752768林醫師,T
1673028660,群主David1688,台南/專任兼任/醫美?誠徵： 醫美專職兼職醫師?地址：台南市永康區週一至週五 17:00-20:00週六 11:00-17:00?主要工作項目雷射，電音波，微整不限專科診所可重點培訓醫師待遇一診（三小時）4500 依年資經驗調整電音波、玻尿酸另有PPf?意者請電洽-0-6-3-0-2-1-9-2-8 王小姐轉自5000群,T
1673026800,群主David1688,徵求 醫美/整外 診所盤讓徵求者: @全方位  @精彩請惠予敘明 地區，逕與上述兩位群友聯絡。(請各位雇主 發貼 簡要 講重點  留聯絡方式， 不要用聊天的方式  謝謝大家。這樣版面會比較乾淨整齊),F
1673170260,社群副管理員,桃園區/專任/小兒耳鼻喉家醫(歡迎雇主自貼 醫師自薦)轉自實名群 by  楊醫師 持續徵求中)誠徵    專職醫師科別：兒科、家醫科、耳鼻喉科地點：桃園市桃園區兒科診所薪資：執照費+鐘點費+PPF節次：6-10診可談享醫責險，病患以兒科為主，工作氣氛佳。意者請洽楊醫師0986828859未接請留言或簡訊,T
1673137440,呂慶城,桃園市蘆竹區誠徵精神專科醫師依個人需求及方便安排診次0932333472呂醫師洽,T
1673203500,社群副管理員,以下職缺轉自 實名制純醫師群  近期已曾轉貼今日雇主貼文 持續徵求中,F
1673203560,社群副管理員,桃園/專任/眼科徵?醫師?眼科地點：桃園眼科連鎖診所聯絡電話：0908738058聯絡人：朱醫師薪資：面議*本診所?全眼科診所，有各式眼科雷射，準分子雷射飛秒雷射，眼科醫師可學習飛秒及屈光，永久保障薪，超高抽成*交通方便有停車位,T
1673203560,社群副管理員,誠徵「 醫師 」彰化縣和美鎮診所誠徵專任醫師一位家醫科，一般內科?科醫師。（需耳鼻喉治療作業）每週5-7節，星期六固定休診。請洽0932678904方醫師e-mail : c24728355@yahoo.com.tw,T
1673301180,傑夫,待遇明確讚讚????,F
1673254440,群主David1688,以下職缺轉自 5000職缺群  近期已曾轉貼昨日雇主貼文 持續徵求中,F
1673254500,群主David1688,(light bulb)(light bulb)誠徵醫師(light bulb)(light bulb)(red check mark)科別 : 誠徵家醫科、內科專科、小兒科或一般科醫師(red check mark)地址 : 桃園市中壢區後站附近(red check mark)時間 : 每周6-9診，假日輪休(wallet)薪資 : 牌費+診費+PPF(red check mark)目前只有老闆一位醫師，想要增加第二位醫師，老闆同事皆好相處(incoming call)詳情請洽 0937-125200范小姐,T
1673254500,群主David1688,誠徵專任或兼任醫師桃園區內科兒科家醫ㄧ般科、耳鼻喉科、急診科或其他專科。無經驗可培訓。高牌照費高底薪加抽成、工作輕鬆收入保障、多位醫師排班 可以輪流出國休假 生活有品質 本診所已有兩位醫師現在要請第三位醫師 病人很穩定PPF 、停車位0906858006或0933106946 或留言(有時上班無法接聽）Email:chengchuan381@gmail.com,T
1673254500,群主David1688,誠徵 醫師台中市南屯區診所誠徵兒科、家醫科、耳鼻喉科、內科專科醫師每週1-7節（可兼任可專任）兼任特別需求：週日早/午/夜診or週二夜診or週五夜診。薪水:牌照費（專任）+節數費(優)+PPF休假:農曆春節固定休除夕到初四共5天歡迎有興趣長期合作的醫師洽詢。歡迎親洽邢醫師0975-327365(可先簡訊，看診時不方便接手機),T
1673254500,群主David1688,誠徵?醫師?掛牌或兼職科別 : 耳鼻喉科，兒科，內科 或 家醫科或其他專科地址 : 竹北成功國中對面耳鼻喉科診所（益康耳鼻喉科）時間 : 每周2-6診，週六輪休薪資 : 面議請電：03-65781200976731765李醫師,T
1673254500,群主David1688,專任或兼任醫師桃園一般科診所適合各科醫生一起工作附停車位請加官方帳號好友聯絡 ID :@925wcaew,T
1673254560,群主David1688,這個LINE@ 帳戶請小心， 需排除收佣金的仲介可能,F
1673255100,E50,誠徵專科醫師 家醫 內兒科 耳鼻喉 腸胃科 有診所經驗佳離捷運站近 待優面談歡迎醫師加入 週一到週五 AM10:00~PM5:00 來電02-25168112分機32行政張小姐(如果沒接到，請留言聯絡電話給櫃台人員),T
1673255460,蔡美智醫師,1月17號，星期二下午，沙鹿慈濟疫苗快打，一節5000元，請問有沒有可以幫忙的學弟或學妹，謝謝ID:smallsun1111,T
1673258400,Sini,感謝提醒，我加了之後結果是另一個媒合平台，講話愛理不理的，跟之前某個媒合平台語氣很像。,F
1673258460,Yuan,@群主David1688 感謝版主把關,F
1673258460,Yuan,@Thomas 另一個平台是104嗎,F
1673258520,Sini,不是，他在本群裡，我不便多說，一樣是媒合中介,F
1673260200,群主David1688,應該是黃醫師  沈理事的群也不歡迎他  原因是 其他醫師反應  有收佣金的情形,F
1673264400,群主David1688,台東/專任/復健科轉自復健醫學會LINE群by陳醫師受託代貼：台東基督教醫院急需招募【復健科醫師】。有興趣請和陳醫師或東基陳院長聯繫。,T
1673223480,神經科小嫩嫩,真的缺 神經科醫師都變成復健科醫師了??????精神科也缺人喔,F
1673311860,群主David1688,桃園中壢/專任兼任/家醫腸胃心臟科一般科等誠徵中壢區?醫師?兼職或掛牌醫師科別 :1.家醫科。一般科可。以慢性病為主。2.腸胃科心臟科兼職醫師。週1-2節支援腸胃鏡、心臟超音波。地址 : 中壢火車站附近時間 : 禮拜二、五下午晚上，週六輪休薪資 : 薪優可談，面議請電：0956385384陳醫師轉自 5000群,T
1673309520,群主David1688,南桃園診所誠徵專任或可長期兼職的醫師科別 : 家醫科、新陳代謝科，小兒科、GI、心臟內科、一般科或內科專科醫師。地址 : 桃園楊梅區診次 : 每周 診薪資面議請來電0-9-1-8-1-2-0-0-9-1轉自5000群 持續徵求中,T
1673309940,社群副管理員,新莊重劃區/專任/耳鼻喉科誠徵 [[醫師]]新北市新莊重劃區診所，誠徵專任耳鼻喉科專科醫師每周5-8診可談。希望112年9月前就職，時間可談診費+牌費/高PPF診所目前有三位正職醫生，排班請假有彈性，同仁好相處有停車位，交通方便意者請電: 鍾醫師0910222871。若沒接到電話，請留簡訊，會盡快與您回覆轉自實名制醫師群  by 鐘醫師,T
1673447640,群主David1688,台北文山/專任兼任/不分科誠徵?醫師?台北市皮膚科診所誠徵專任或兼任醫師地址 : 台北市文山區時間 : 每周6-8診薪資 : 面議健保醫美並重，可提供雷射微整訓練意洽請電：0918850055葉小姐e-mail:connie.yeh@msa.hinet.net轉自 5000 群,T
1673446860,群主David1688,[照片],F
1673534220,群主David1688,桃園區/專任/家醫科、內科轉自5000群  by 沈副秘書長,F
1673546100,群主David1688,以下職缺轉自 5000職缺群  近期已曾轉貼今日雇主貼文 持續徵求中,F
1673546100,群主David1688,誠徵 「醫師」彰化縣一般科診所：國道一號交流道8分鐘誠徵家醫科、內科、小兒科或其他科醫師診費 + 牌費+PPF多人輪班 ，放假彈性 ，出國方便。待優，享勞健保，停車位意者請洽 林醫師0910-869-962,T
1673546580,群主David1688,以下職缺轉自 實名制醫師職缺群  近期已曾轉貼今日雇主/所內醫師貼文 持續徵求中,F
1673633520,群主David1688,[照片],F
1673598660,老昌,誠徵專科醫師台南後壁無米樂地區，近後壁、太保、水上兩位醫師輪班請洽：0922-516880 林醫師，謝謝,T
1673646720,群主David1688,新北林口/專任/不限科(歡迎雇主自貼 醫師自薦)轉自 5000群 )徵「醫師」1.地點：新北市林口2.聯絡電話：09531818723聯絡人:黃醫師??保障薪+PF，歡迎來洽談看看再說，令您滿意??每周上班節數可談，假日輪診，亦可排連休出國??多位醫師輪診，有醫責險保障，看診輕鬆無負擔,T
1673650260,群主David1688,台中北屯/專任/耳鼻喉科、內科 小兒、家醫(歡迎雇主自貼 醫師自薦)轉自 5000群  by 沈副秘書長)誠徵醫師台中市北屯區耳鼻喉科診所誠徵耳鼻喉科、內兒科或家醫科醫師每週6到8節聯絡方式：0937-235088林醫師,T
1673650440,群主David1688,台北東湖/專任/小兒科(歡迎雇主自貼 醫師自薦)轉自 實名制群  by 焉醫師)台北市東湖謝小兒科 徵掛牌合作兒科專科醫師微笑 熱情 好學東湖路上診所 車程 30。分鐘左右 尤佳兒專 第一年 第二年 第三年 尤佳,T
1673740380,sleep張,誠徵醫師台中市沙鹿區家醫小兒科診所預計112年9月起，需要一位掛牌兼看診醫師，每天一節，目前隔週週六需午晚兼診聯絡電話0982791749張醫師、0956163261林醫師,T
1673690040,善心,(#)?急徵代診醫師?(#)歡迎家醫科醫師，需有專科證書。要能報備支援醫師。需熟悉展望系統。一節$6000 元電洽： 0928274505 ,T
1673693520,社群副管理員,歡迎標價  (已經置頂提高曝光) 已協助貼至其他社群 代為曝光,F
1673693580,社群副管理員,補充說明  前一篇 診所位於  新北汐止,F
1673655900,善心,感謝,F
1673656020,善心,再次聲明，這個價錢非常態，只是急徵。,F
1673656020,善心,請尊重市場行情，勿跟進。,F
1673656080,傑夫,不懂強調這點的立意？,F
1673656080,傑夫,醫師們應該都樂見條件越開越好,F
1673656080,善心,怕增加開業醫師的負擔。,F
1673656080,青蛙,人家能跟進就表示那是市場行情,F
1673656140,善心,資方跟勞方是對立的。各有各的苦衷。,F
1673656140,Sean White,是啊 善心 您做的很好 ?? 強調沒有錯,F
1673656200,善心,了解開業醫師的苦。,F
1673656200,善心,大環境已經很不好了，希望互相體諒。,F
1673656440,傑夫,專科醫師行情只有這樣還是令人不勝唏噓?? 但明碼標價依然值得鼓勵 這樣才有討論的空間,F
1673656500,Sean White,因為健保真的慘啊，有些診所的病人屬性都只有簡表為主，沒藥價差也沒有處置，只有超低的診察費，有專科但沒得申報也沒用,F
1673656680,宏爺,健保就真的糟…3hrs 看10個病人，給6000…老闆必賠,F
1673656680,宏爺,3hrs 看20個免強打平而已,F
1673656860,tth,開業醫師與受僱醫師各有苦衷可是急徵人 可能價碼要再更高...？（同學受僱FM診所一節的價碼都更高了....）,F
1673656980,Sean White,每家診所成本完全不一樣呀，光是家醫科診所店租就有三萬到十五萬的差別……病人組成跟申報金額同樣人數也可能差兩到三倍,F
1673657100,善心,這話不正確，我們並不是大戶，只是不想這麼辛苦，希望有醫師幫忙，能喘個氣。,F
1673657220,善心,如果受僱醫師覺得這個錢太少了，那麼就自己出來開業試試看。角色互換，體驗一下心情。,F
1673657280,Michaelliu,只看10個？,F
1673657340,Michaelliu,也可以找其他家受僱啊????,F
1673657340,善心,這個機會是有的。,F
1673657400,Michaelliu,也想辦法衝量啊(啊),F
1673657400,善心,我們是不會啦，但我能體諒。,F
1673657460,Sean White,衝量，大家都想衝量但是很難啊(cony laugh)，誰不希望病人多大家一起賺錢 集團連鎖衝量簡單 個體戶很難,F
1673657460,Michaelliu,這倒是實話 我也是FM也是超過這個價碼,F
1673657460,人生海海,說要急徵卻開著一般的行情價，要其他醫師共體時艱，這個才是大家好奇的點吧XD,F
1673657580,Sean White,還好吧 六千元現金又不低 ，頂多找不到人關診,F
1673657640,毛毛,我受僱一診看50個，老闆也只有給5000，6000算還可以了,F
1673657700,皮皮大,這裡大多是眼高手低的yy，討論價碼只會一堆酸酸，沒什麼實質建設性。,F
1673657760,善心,[貼圖],F
1673657820,人生海海,很簡單，有人去皆大歡喜，沒人去關診休息，回歸市場機制,F
1673657820,人生海海,祝福,F
1673657940,Ray,應該說不用強調6千高薪，除非也說每診不超過20人.. 就一般徵人給薪水就好，想去就去。,F
1673701320,毛毛,其實如果大家想體驗當老闆的感覺，建議可以去衛生所試試，沒病人也不會倒店，每個月還有底薪5萬。,F
1673701320,宏爺,有吧…我這裡的診所大概都10-15而已吧，還有一週10人的診所,F
1673701380,醫中韭菜割,我也覺得是強調薪資的問題 資本市場 自己發展 沒有什麼破壞行情的說法,F
1673701380,群主David1688,聊天 (薪資)討論區  在這裡謝謝大家   請截圖移轉討論區     謝謝大家您已被邀請加入「醫聊無上限醫起聊~醫師Lounge/教育學分/職缺討論/醫藥材團購、轉讓 1688 DocJob」！請點選以下連結加入社群！https://line.me/ti/g2/afOBW9YvGhmiRf1Fx5_0oK7au3tH3bZ2DBpoAg?utm_source=invitation&utm_medium=link_copy&utm_campaign=default,F
1673701920,vivi,同感。6000元/診，還要專科醫師。還要熟系統。時薪1500元多一點。老實說就一般行情價。一直強調「急徵」「非市場行情價」「怕讓其他開業醫困擾」確實是令人不舒服的老闆心態。,F
1673701920,群主David1688,??維持版面乾淨， 歡迎討論薪資成本，請移至子群討論群歡迎標價 (已經置頂提供曝光)其實我(+我朋友)是受僱， 我太太是雇主(企業主)，所以我們(1688)角色比較中立，目標是3方~4方嬴(受雇、雇主、病人、健保)。沈副秘書長是雇主方，5000群就不方便貼價錢，可以理解。1688 是可以，而且歡迎標價，比較站在受僱方，1688短期目標:希望透過榮譽制度(標價置頂貼文，提高曝光)來帶動受僱醫師待遇提升。1688中長期目標:同時透過醫師社群、線上線下實體社會活動，與雇主協力提高醫療給付、改善醫療品質、滿足偏遠需求，三贏~四嬴狀態。,F
1673701980,群主David1688,最後一次強調， 討論在子群。  本群維持版面乾淨， 謝謝大家。,F
1673702100,群主David1688,[照片],F
1673702220,群主David1688,有標價的 都置頂了當雇主 也是不容易 要承擔風險受雇久了也是會當合夥入股自行開業 。大家互相理解 共創3~4贏,F
1673702220,KCC,兼職行情一般也是5-6000，不能計算合理門診量，算是不錯了,F
1673702340,群主David1688,討論 (請截圖) 請移往討論區  勿再回言討論 謝謝。,F
1673702340,傑夫,原來違和感是樣出現的 100%同意,F
1673702400,群主David1688,抱歉 勿再回言 往討論區謝謝大家....,F
1673704320,群主David1688,誠徵醫師台中市北屯區耳鼻喉科診所誠徵耳鼻喉科、內兒科或家醫科醫師每週6到8節聯絡方式：0937-235088林醫師,T
1673704320,群主David1688,誠徵醫師台中市沙鹿區家醫小兒科診所預計112年9月起，需要一位掛牌兼看診醫師，每天一節，目前隔週週六需午晚兼診聯絡電話0982791749張醫師、0956163261林醫師,T
1673704380,群主David1688,以上職缺轉自 5000 大群,F
1673722560,Cc,@群主David1688 請問討論區是在哪邊呢？ 謝謝,F
1673895840,社群副管理員,您已被邀請加入「醫聊無上限醫起聊~醫師Lounge/教育學分/職缺討論/醫藥材團購、轉讓 1688 DocJob」！請點選以下連結加入社群！https://line.me/ti/g2/afOBW9YvGhmiRf1Fx5_0oK7au3tH3bZ2DBpoAg?utm_source=invitation&utm_medium=link_copy&utm_campaign=default,F
1673878560,FUN,需求：勞工巡迴體檢醫師及特約臨廠醫師地點：高雄薪資：可議聯絡方式: 賴小姐07-5546838,T
1673942700,熊熊,台北市民生社區家醫科，誠徵可報備支援醫師，時間為3/31（五）、4/1（六）、4/3（一）、4/4（二）、下午三點至六點、意者請電0910019790劉太太，謝謝??,T
1673914560,社群副管理員,以下職缺轉自 實名制醫師職缺群  近期已曾轉貼今日雇主/所內醫師貼文 持續徵求中,F
1673914620,社群副管理員,"誠徵  專任醫師, 兼職醫師桃園中壢區診所（ 火車站前）誠徵家醫科、內科專科，兒科醫師節數可談薪資優, 附停車位薪水:高節數費 +PPF+ 年終分紅，外縣市住宿交通補助，每年調薪，三節禮金看診品質佳，每節時間2~3.5 hr,中間有休息，出國可調班聯絡電話李醫師 0952-166-941",T
1673914620,社群副管理員,[照片],F
1673915340,社群副管理員,台北中山區/短期專任/掛牌(歡迎雇主自貼 醫師自薦)轉自 醫美醫師職缺群)(掛牌風險 需多溝通評估 大家都是成年智識人 本群不負擔保責任 只是轉貼)短期1.2個月或長期都行誠徵掛牌負責醫師，不限科別診所地點：台北市中山區（開業約17年，安全穩定）不需負管理責任詳情可面議，短期長期掛牌皆可談本診所員工均資深團隊．意者請洽：0981792767 高小姐,T
1673915580,群主David1688,桃園楊梅/專任兼任/內科系 (不分科？ 小兒科？)桃園楊梅區內兒科診所誠徵全職或兼職醫師，內科系皆可，有基層診所經驗者尤佳，意者請洽0918120091詹醫師轉自桃園群,T
1673963580,群主David1688,以下職缺轉自 5000職缺群  近期已曾轉貼今日雇主貼文 持續徵求中,F
1673963580,群主David1688,誠徵 醫師台中市南屯區診所誠徵兒科、家醫科、耳鼻喉科、內科專科醫師每週1-7節（可兼任可專任）兼任特別需求：週日早/午/夜診or週二夜診or週五夜診。薪水:牌照費（專任）+節數費(優)+PPF休假:農曆春節固定休除夕到初四共5天歡迎有興趣長期合作的醫師洽詢。歡迎親洽邢醫師0975-327365(可先簡訊，看診時不方便接手機),T
1673966160,社群副管理員,台中市南區/專任兼任/耳鼻喉科、內科、小兒科、家醫科醫師(歡迎雇主自貼 醫師自薦)轉自 實名制群  by 林醫師)誠徵醫師台中市南區耳鼻喉科診所誠徵耳鼻喉科、內兒科或家醫科醫師每週6到8節聯絡方式：0966-720369林醫師,T
1673985120,Anonymous,誠徵：健檢醫師需求：勞工巡迴體檢醫師及特約臨廠醫師地點：高雄薪資：可議聯絡方式: 賴小姐07-5546838,T
1673987700,Anonymous,誠徵：肝膽腸胃科或家醫科師醫師需求：地點：高雄薪資：可議，合作亦可聯絡方式: 葉小姐0905262893,T
1673988300,HDRN,洗腎診所誠徵『腎臟專科醫師』地點：新竹市工作時間：週一至週六待遇：面議（高底薪+PPF)待遇優於行情、全新裝潢、環境舒適、交通便利、福利佳、附車位一週可到10節、薪資面議聯絡人：林小姐電話：0983472068,T
1673993880,社群副管理員,以下職缺轉自 實名制醫師職缺群  近期已曾轉貼今日雇主/所內醫師貼文 持續徵求中歡迎雇主自貼 醫師自薦待聘,F
1673993880,社群副管理員,"誠徵第三位專任及兼任醫師科別 : 誠徵家醫科, 小兒科、內科專科，急診， ENT醫師一位。新竹市東區城佑耳鼻喉科診所，近公道五交流道，交通便利。時間 : 每周6-7診薪資面議，含牌費+診費+PPF亦可先報備支援兼診，彼此磨合。詳情請洽 0936951667 王醫師",T
1674080280,社群副管理員,"徵 醫師耳鼻喉 家醫 小兒 內科 外科地點：新竹市東區 昇安診所新竹縣竹東 葉國安耳鼻喉科診所節數彈性：2-8節，兼診、掛牌都可目前是三位醫師輪流看診，預計找第四個醫師加入我們病人族群：成人,小兒,慢籤病人診所設備：內視鏡、聽力室、超音波、睡眠檢查、肺功能檢查，需進一步檢查可安排診所有準備停車位，給需要開車上下班的醫師停放優點是假很好請，醫師間都很樂意cover；看診無壓力，遇到任何問題都可以直接電話詢問待遇優，可先看工作環境。意者 請洽0??9??1??8??3??1??2??7??2??0??葉醫師 或 電話搜尋手機",T
1674000360,社群副管理員,30up北部多點/專任/泛復健(申報)科(歡迎雇主自貼 醫師自薦)轉自 實名制群  by Hsu醫師  看來是醫療集團..)誠徵（代）復健/骨科/神內/神外/風免醫師希望可以兼顧收入與生活品質都歡迎到診所來地點：新北/桃園/新竹/台南預計到職日：談好即可薪資不錯30up一個禮拜8-10節老闆好 團隊讚希望好相處也認真負責的人一起來想換環境的醫師歡迎email聯絡：ttlishu@gmail.comLine：同email,T
1674047580,社群副管理員,討論職缺  請至 子群討論群  下圖  轉自 Apen友的分享您已被邀請加入「醫聊無上限醫起聊~醫師Lounge/教育學分/職缺討論/醫藥材團購、轉讓 1688 DocJob」！請點選以下連結加入社群！https://line.me/ti/g2/afOBW9YvGhmiRf1Fx5_0oK7au3tH3bZ2DBpoAg?utm_source=invitation&utm_medium=link_copy&utm_campaign=default,F
1674047700,社群副管理員,[照片],F
1674047700,社群副管理員,[照片],F
1674054000,minstreller,台中市有感冒健保診所缺掛牌醫師嗎（非負責人） 資歷5年 可看5-6節,F
1674054420,泰,誠徵 掛牌專任醫師（可先兼任）台中市北屯區耳鼻喉科診所（近崇德文心捷運站）誠徵耳鼻喉科、家醫科、小兒科、或內科專科醫師一週6-9節(需輪夜診及假日診)薪水：牌照費+節數費+PPF診所設備齊全，並有門診手術室多位醫師輪診，可兼顧家庭以及生活品質歡迎有興趣長期合作的醫師洽詢電洽蔡醫師0922-668696 (可先簡訊聯絡),T
1674143520,sleep張,誠徵醫師台中市沙鹿區家醫小兒科診所預計112年9月起，需要一位掛牌兼看診醫師，每天一節，目前隔週週六需午晚兼診聯絡電話0982791749張醫師、0956163261林醫師,T
1674112500,群主David1688,南投草屯/專任/不限科(酸痛、焦慮、失眠)(歡迎雇主自貼 醫師自薦)轉自 中彰投群  by 林醫師 )年度最有誠意的長文「誠徵各科專科醫師」診所叫做草鞋墩，是草屯的舊地名，成立20年，目前有一位神經內科醫師和另外一位神經外科醫師，主要做的就是酸痛、焦慮、失眠。診所的場地很大，也有停車場。相關的設備，可以看網網站上的介紹。病人很多，以至於幾乎每個月被抽審，多到有些病人都一定要轉給相關的專家去看，畢竟守護病人的健康是我們一直以來的堅持。歡迎學有專精的各科專科醫師一起來診所工作，讓病人就醫更方便，品質更有保障。所有同事的勞、健保和假日都一直符合政府的規定。薪水就是個人業績收入「點數」的四分之一，新進的醫師當然會有基本的保障。我是院長林經堯醫師，這個年假有九天，所有的同事都放假了，當然我也很閒，隨時歡迎你來診所走走看看。對於有一技之長的專科醫師，在接受完整的訓練之後，接下來就是要找一個自己喜歡的地方工作了。祝福大家，新年快樂、健康平安。,T
1674112560,群主David1688,www.suanmaton.com,F
1674220020,Drhh,@minstreller 誠徵 醫師台中市南屯區診所誠徵兒科、家醫科、耳鼻喉科、內科專科醫師每週1-7節（可兼任可專任）兼任特別需求：週日早/午/夜診or週二夜診or週五夜診。薪水:牌照費（專任）+節數費(優)+PPF休假:農曆春節固定休除夕到初四共5天歡迎有興趣長期合作的醫師洽詢。歡迎親洽邢醫師0975-327365(可先簡訊，看診時不方便接手機),T
1674199680,群主David1688,南投草屯/專任兼任/眼科(歡迎雇主自貼 醫師自薦)轉自 5000群   )誠徵眼科專任及兼任醫師地點:南投縣草屯鎮眼科診所連絡電話:0988-327707聯絡人:張醫師工作內容:每週5節(薪優),T
1674199740,群主David1688,以下職缺轉自 5000職缺群  近期已曾轉貼今日雇主貼文 持續徵求中,F
1674199740,群主David1688,誠徵「 醫師 」彰化縣和美鎮診所誠徵專任醫師一位家醫科，一般內科?科醫師。（需耳鼻喉治療作業）每週5-7節，星期六固定休診。請洽0932678904方醫師e-mail : c24728355@yahoo.com.tw,T
1674199740,群主David1688,專任或兼任醫師桃園一般科診所適合各科醫生一起合作附停車位 生活品質兼顧 高牌照費及抽成請傳 信箱chengchuan381@gmail.com或 0906858006 0933106946,T
1674201360,小實,佐登妮X醫美診所，欠醫師錢。經醫師查證之後，其職員映君，於應該匯薪之日，依舊沒匯!難怪資深醫師，逐漸離開!該診所，仍持續在找醫師。期盼各位醫師，想去應徵時，謹慎為之!,F
1674201600,社群副管理員,謝謝分享  (職缺黑幕)下次請移至子群 討論區  讓 本群 版面乾淨  謝謝您您已被邀請加入「醫聊無上限醫起聊~醫師Lounge/教育學分/職缺討論/醫藥材團購、轉讓 1688 DocJob」！請點選以下連結加入社群！https://line.me/ti/g2/afOBW9YvGhmiRf1Fx5_0oK7au3tH3bZ2DBpoAg?utm_source=invitation&utm_medium=link_copy&utm_campaign=default,F
1674202560,社群副管理員,聊天討論 都移到 子群哦再麻煩各位大大,F
1674221760,LeCheng,誠徵part time復健科/骨科/風免/神內醫師，需報備支援會超音波導引注射者尤佳地點：高雄市鳳山區 (鳳山火車站旁)時段：可議15人 以下6000PPF 15以上 一人100自費抽成另議若合作愉快，未來可共同擴展合作新診所聯絡資訊：0988240026 林醫師Email: lecheng1795@gmail.com,T
1674505800,社群副管理員,30up中壢平鎮/專任/開業科等詳見https://bit.ly/3XB0aPE,T
1674435120,群主David1688,以下職缺轉自 5000職缺群  近期已曾轉貼今日雇主貼文 持續徵求中,F
1674435120,群主David1688,桃園/專任/眼科徵?醫師?眼科地點：桃園眼科連鎖診所聯絡電話：0908738058聯絡人：朱醫師薪資：面議*本診所?全眼科診所，有各式眼科雷射，準分子雷射飛秒雷射，眼科醫師可學習飛秒及屈光，永久保障薪，超高抽成*交通方便有停車位,T
1674761400,群主David1688,桃園市龍潭區/專任/耳鼻喉科(歡迎雇主自貼 醫師自薦)轉自 5000群  by 練醫師 )誠徵耳鼻喉科專科醫師診所地點：桃園市龍潭區耳鼻喉科專科診所每周約7-8診，節次可談！享開業的收入，沒有開業的煩惱。薪資計算標準絕對高於業界。可採保證薪或純PPF制，純PPF計算方式依年資經歷而定， 計算方式以診察加診療費用的7-8成計算。距龍潭交流道3分鐘。歡迎自薦或分享給其他醫師。有意者請電話聯絡！0918493273謝謝,T
1674722040,群主David1688,以下職缺轉自 5000職缺群  近期已曾轉貼昨日雇主貼文 持續徵求中,F
1674722040,群主David1688,誠徵 醫師台中市南屯區診所誠徵兒科、家醫科、耳鼻喉科、內科專科醫師每週1-7節（可兼任可專任）兼任特別需求：週日早/午/夜診or週二夜診or週五夜診。薪水:牌照費（專任）+節數費(優)+PPF休假:農曆春節固定休除夕到初四共5天歡迎有興趣長期合作的醫師洽詢。歡迎親洽邢醫師0975-327365(可先簡訊，看診時不方便接手機),T
1674722040,群主David1688,專任或兼任醫師桃園一般科診所適合各科醫生一起合作附停車位 生活品質兼顧 高牌照費及抽成請傳 信箱chengchuan381@gmail.com或 0906858006 0933106946,T
1674742980,特大號,誠徵專職醫師，不限科別(內兒家醫科佳)，若想兼職亦可談。地點：新北市樹林區待遇：高保障底薪/PPF擇優，薪資高於市場行情，8診可30以上。診次：一週6-8節(想增加收入亦可安排10節以上)，診所為多家連鎖，醫師眾多排班彈性，可攻可守兼顧生活品質。內容：一般感冒、三高慢病。另有自費項目可讓薪資更上一層樓。提供完整教育訓練，無基層經驗沒關係，會傾囊相授，歡迎年輕醫師一同打拼，長期合作。聯絡人：林醫師 0921905878,T
1674744060,群主David1688,以下職缺轉自 5000職缺群  近期已曾轉貼今日雇主貼文 持續徵求中,F
1674744120,群主David1688,南桃園楊梅區診所誠徵專任或兼職醫師科別 : 家醫科、新陳代謝科，小兒科、GI、心臟內科、一般科或內科專科醫師。已有基層診所經驗者佳月三千張左右地址 : 桃園楊梅區薪資面議請來電0-9-1-8-1-2-0-0-9-1 ,T
1674860520,胖胖爸爸,誠徵「 醫師 」中壢區新屋交流道下 診所誠徵專任醫師一位家醫科，一般內科?科醫師。（需耳鼻喉治療作業）每週6-8節，執照費+診次人數PPF，所有處置檢查PPF滿一年後可入股，意者請洽黃醫師e-mail : huang.hh1223@gmail.com,T
1674858300,群主David1688,以下職缺轉自 5000職缺 或實名制群  近期已曾轉貼今日雇主貼文 持續徵求中歡迎雇主自貼 待聘醫師自薦,F
1674858300,群主David1688,誠徵【醫師】（雲林縣斗六市）1.可長期配合，需掛牌，掛牌費另計2.耳鼻喉科專科尤佳（小兒科、家醫科可談）每週7-9節門診，節數可談，週末輪流想排假出遊，都可互相調班薪資、PPF、看診節數可面議商量聯絡方式：1.寄履歷至fornickxxx@gmail.com2. 0972752952 林小姐（LINE亦可）,T
1674858360,群主David1688,"誠徵  專任醫師, 兼職醫師桃園中壢區診所（ 火車站前）誠徵家醫科、內科專科，兒科醫師節數可談薪資優, 附停車位薪水:高節數費 +牌照費+PPF+ 年終分紅，外縣市住宿交通補助，每年調薪，三節禮金看診品質佳，每節時間2~3.5 hr,中間有休息，出國可調班聯絡電話李醫師 0952-166-941",T
1675031580,群主David1688,桃園區/專任兼任？/耳鼻喉小兒科家醫內科??歡迎雇主自貼 待聘醫師自薦 轉自桃園群 ??誠徵醫師桃園市桃園區耳鼻喉科診所誠徵耳鼻喉科、內兒科或家醫科醫師每週6到8節聯絡方式：0953688089莊小姐,T
1674953820,sleep張,誠徵醫師台中市沙鹿區家醫小兒科診所預計112年9月起，需要一位掛牌兼看診醫師，每天一節，目前隔週週六需午晚兼診聯絡電話0982791749張醫師、0956163261林醫師,T
1674999900,精彩,?誠徵：醫美專職醫師?地址：桃園市藝文特區週四14:00-20:00?主要工作項目微整，電音波，雷射不限專科診所可重點培訓醫師待遇一診（三小時）PPf依年資經驗調整?意者請電洽-0-9-1- 6-9-0-9-7-6-6舒經理或意者請洽：此連結??為私人交談line://ti/p/@ono4238y,T
1675026480,群主David1688,以下職缺轉自 5000職缺 或實名制群  近期已曾轉貼今日雇主貼文 持續徵求中歡迎雇主自貼 待聘醫師自薦,F
1675026540,群主David1688,"徵 醫師耳鼻喉 家醫 小兒 內科 外科地點：新竹市東區 昇安診所新竹縣竹東 葉國安耳鼻喉科診所節數彈性：2-8節，兼診、掛牌都可目前是三位醫師輪流看診，預計找第四個醫師加入我們病人族群：成人,小兒,慢籤病人診所設備：內視鏡、聽力室、超音波、睡眠檢查、肺功能檢查，需進一步檢查可安排診所有準備停車位，給需要開車上下班的醫師停放優點是假很好請，醫師間都很樂意cover；看診無壓力，遇到任何問題都可以直接電話詢問待遇優，可先看工作環境。意者 請洽0??9??1??8??3??1??2??7??2??0??葉醫師 或 電話搜尋手機",T
1675026540,群主David1688,誠徵  (專任醫師)彰化縣鹿港鎮診所誠徵 家醫科、耳鼻喉科，兒科醫師節數:5-7 節節數費 +牌照費+PPF附停車位意者請洽: 0939-395-161 吳小姐,T
1675026540,群主David1688,??南桃園中壢平鎮家醫科診所誠徵「專任」醫師??科別：家醫科、兒科、內科、耳鼻喉科、急診科醫師皆可待遇：專任：6-8診/週，牌費+節薪+PPF對象：醫學系畢業15年內，好相處能配合，具備耐心到職日：1.談好即可上班2.詳談後彼此合適 可以等前東家約到期後再來上班??優點：會有完整的職前訓練，無需擔心技能不足，診所內都有資源可以共享，訓練期薪水照樣支付工作：健保家醫科診所，合法看診，業務單純，無其他行政業務煩惱氛圍：會尊重醫師，有狀況可討論溝通，我們重質不重量保障：診所有投保醫責險及聘請律師做法律顧問為後盾，專心看診無後顧之憂發展：合作滿半年以上，可談合夥入股或談長約拿獎金交通：診所備有停車位，就算是外縣市的同伴也方便加入休假：多位醫師，排休容易意者可傳訊息0937699655劉醫師聊聊！若在看診中未能即時回答，待下診後會立即回覆！,T
1675026540,群主David1688,誠徵專任「醫師」科別：耳鼻喉科、小兒科、家醫科皆可地點：新北市永和區耳鼻喉科診所已有2位正職醫師，誠徵第三位掛牌醫師，每週約6-7診，牌費+診費+ppf，臨近公車站牌，交通方便，離捷運站亦5-10分鐘步程，環境單純好相處，容易請假互相支援，意者請洽或傳訊息0989912911林醫師 或 ID: k-r-p-b-9-5(去掉-),T
1675026540,群主David1688,誠徵 掛牌專任醫師（可先兼任）台中市北屯區耳鼻喉科診所（近崇德文心捷運站）誠徵耳鼻喉科、家醫科、小兒科、或內科專科醫師一週6-10節薪水：牌照費+節數費+PPF診所設備齊全，並有門診手術室多位醫師輪診，可兼顧家庭以及生活品質歡迎有興趣長期合作的醫師洽詢電洽蔡醫師0922-668696 (可先簡訊聯絡),T
1675113120,群主David1688,台南市東區/專任/耳鼻喉家醫科等??歡迎雇主自貼 待聘醫師自薦 轉自實名制群  by 陳醫師??耳鼻喉科/家庭醫學科聯合診所誠徵專任醫師請洽陳醫師，09-1083-2196或留簡訊有空一定馬上聯絡,T
1675037880,群主David1688,格式自由 參考前面雇主的貼文,F
1675096320,安安安,中和區捷運站旁廣祥診所1、誠徵專任小兒科、家醫科、內科醫師。2、保障薪、PPF高。3、診次彈性可談，兼顧生活品質。4、交通方便。5、目前院所有四位正職醫師，請假排休方便，同事好相處。6、病患群穩定，診所氣氛佳，無行政事務制度完善。請洽林醫師0939989645 ,T
1675117920,群主David1688,以下職缺轉自 5000職缺 或實名制群  近期已曾轉貼今日雇主貼文 持續徵求中??歡迎雇主自貼 待聘醫師自薦??,F
1675117980,群主David1688,"誠徵專任及兼任醫師科別 : 誠徵家醫科, 小兒科、內科專科，急診， ENT醫師一位。新竹市東區城佑耳鼻喉科診所，近公道五交流道，交通便利。時間 : 每周6-7診薪資面議，含牌費+診費+PPF亦可先報備支援兼診，彼此磨合兼任診次時間 一上，三上，三夜，六上。詳情請洽 0936951667 王醫師",T
1675118040,羚,弱弱的問一下，診所想拓點，有沒有復健科或骨科醫師有意願出來共創事業。診所這一端相關人員包含藥師，復健師，掛號櫃檯人員和地點都準備的差不多，高保障底薪+自費抽成+盈餘獎金+保稅等等，一定比外面好，萬事皆備只欠東風。有意願的醫師麻煩請洽黃主任，電話零九二五八九九一二五，感謝大家。,T
1675206060,Jim kao,"新北板橋維力骨科診所 誠徵骨科負責醫師目前我們有展店規畫, 所以邀請志同道合的醫師加入我們的特色是:1、深耕在地社群,在乎醫病關係長長久久,健保或自費治療病患選擇2、團隊融洽, 醫護藥PT互相照應3、努力經營線上品牌, 致力於Online-to-Offline的轉換4、多方嘗試新的治療方式, 新的異業結合我們的優勢1、領先的薪資, 牌照費 + 保障診費 +PPF抽成+ 優勢稅賦2、全年盈餘分紅, 入股細節可面談3、設備齊全, 包括骨震波、GE超音波、X光等4、全面支援負責醫師的專長, 目前本院有簡易手術房及C-arm, 可執行局麻手術, 脊椎nerve block及其他更高階治療, 如果合作夥伴有新的想法都可討論執行5、歡迎醫院兼診, 我們提倡給病患一條龍的照護6、無行政事務，專心醫療適合我們的合作夥伴:1、	已經有骨科主治醫師臨床經驗2、	對於超音波使用有初步認識3、	歡迎不安於現狀, 心中有許多天馬行空的想法想試試看的你, 譬如想拍影片, 搞粉絲團, 甚至業配團購, 我們可以一起組成團隊來嘗試聯 絡 人：高醫師聯絡電話：0933901819 (電話可搜尋加Line : Jim )mail : weiliorthoclinic@gmail.com網站 : https://www.weili-clinic.com/地　　址： 新北市板橋區文化路二段19號, 新埔站5號出口",T
1675157820,精彩,?誠徵：醫美專職醫師?地址：桃園市藝文特區週四14:00-20:00?主要工作項目微整，電音波，雷射不限專科診所可重點培訓醫師待遇診費+PPf?意者請電洽-0-9-1- 6-9-0-9-7-6-6舒經理或意者請洽：此連結??為私人交談line://ti/p/@ono4238y,T
1675251720,魚骨頭,誠徵專任醫師科別 : 誠徵家醫科或小兒科醫師一位。高雄市三民區家醫科診所，近九如交流道，有固定車位，交通便利。時間 : 每周6-7診薪資面議，含牌費+診費+PPF詳情請洽 0910-109408 陳醫師,T
1675274340,社群副管理員,??新職缺??以下職缺轉自 5000職缺 或實名制群??歡迎雇主自貼 待聘醫師自薦??,F
1675274340,社群副管理員,台南仁德區.耳鼻喉診所誠徵 專任醫師(red check mark)內科，家醫，耳鼻喉，兒科 ...醫師(red check mark)無經驗可學ENT治療，一些內科三高病患(red check mark)牌照費+節數費(9診)+PPF(red check mark)約2023.5-7月上班，可先談意者，麻煩電話0960-0316000987-192680或留簡訊，必回撥，謝謝,T
1675274340,社群副管理員,[照片],F
1675274460,社群副管理員,"誠徵負責醫師：骨科、神經內科工作時間：面議薪資：面議聯絡方式：吳先生0928880844, dannywu@syi-tw.com ，手機沒接時請email通知，謝謝！( from實名制 by黃醫師)",T
1675281660,Lin,桃園楊梅區.內科診所誠徵 專任醫師(red check mark)內科，家醫，新陳代謝科...醫師(red check mark)無經驗可學ENT治療，一些內科三高病患(red check mark)牌照費+節數費(9診)+PPF(red check mark)約2023.4-7月上班，可先談意者，麻煩電話091686525-5或留簡訊，必回撥，謝謝,T
1675362060,群主David1688,謝謝大家，麻煩 職缺討論??有另外子群 討論聊天區維持本群版面乾淨您已被邀請加入「醫聊無上限醫起聊~醫師Lounge/教育學分/職缺討論/醫藥材團購、轉讓 1688 DocJob」！請點選以下連結加入社群！https://line.me/ti/g2/afOBW9YvGhmiRf1Fx5_0oK7au3tH3bZ2DBpoAg?utm_source=invitation&utm_medium=link_copy&utm_campaign=default,F
1675362300,Yi,@心內V 謝謝分享∼,F
1675461720,羚,弱弱的問一下，診所想拓點，有沒有復健科或骨科醫師有意願，藥師，復健師，掛號櫃檯人員和地點都準備的差不多，高保障底薪+院長加給+執照費+自費抽成+盈餘獎金+保稅等等，萬事皆備只欠東風。有意願的醫師麻煩請洽黃主任，電話零九二五八九九一二五，感謝大家。地點在中壢,T
1675408500,群主David1688,以下職缺轉自 5000職缺 或實名制群  近期已曾轉貼今(昨)日雇主貼文 持續徵求中??歡迎雇主自貼 待聘醫師自薦??,F
1675408560,群主David1688,"誠徵專任及兼任醫師科別 : 誠徵家醫科, 小兒科、內科專科，急診， ENT醫師一位。新竹市東區城佑耳鼻喉科診所，近公道五交流道，交通便利。已有兩位專任醫師。時間 : 每周6-7診薪資面議，含牌費+診費+PPF亦可先報備支援兼診，彼此磨合兼任診次時間 一上，三上，三夜，六上。詳情請洽 0936951667 王醫師",T
1675408560,群主David1688,《徵 儲備醫師》準備退休，有興趣接診所的醫師可以來學習，覺得OK再接。汐止家醫科診所薪資照付，還教開業武林密技。有興趣者請電： 0928274505,T
1675408560,群主David1688, 急徵第三位專任或兼任醫師桃園區離台北開車40分鐘一般科、 內兒科診所歡迎各科醫師高牌照費高PPF病人穩定除夕-初五休息 其他時間醫師都可輪班排休出國??大家輪流出國玩透透透生活品質好楊醫師電話：0906858006 0933106946,T
1675410540,呂慶城,桃園市桃園區、蘆竹區誠徵。                                 精神專科醫師專任及兼任皆可（第三位），並歡迎已退休的前輩前來駐診，診次不拘一般科系，內外科系，小兒科，家醫科，專任醫師上班節數彈性，以您的需求來調整，若是有需要出國移民者亦可配合意洽0932333472，呂醫師或是chesterlu626@gmail.com,T
1675422480,Sini,請問缺哪個時段呢？,F
1675424280,群主David1688,??職缺細節再麻煩各位醫師私訊 ??維持版面乾淨??，謝謝大家,F
1675424340,Sini,有私訊過但沒回應 XD,F
1675424400,群主David1688,收到 謝謝哥,F
1675424400,艾琳,禮聘 醫師腸胃 耳鼻喉 家醫 小兒 內科地點：桃園中壢平鎮診所待遇: 雙北桃園新竹薪資行情以上 牌照+節費+ ppf節數彈性：6-8節可議，多位醫師輪班，休假彈性發展空間大:想長期穩定收入可簽長約保障薪資；想大展身手也可合夥開店診所一切合法申報，也有法律顧問並投保醫責險，歡迎長期合作共同開創新局意者請洽 0937351657 劉醫師,T
1675525200,Anonymous,需求：勞工體檢醫師及特約臨廠醫師地點：高雄薪資：可議聯絡方式: 葉小姐0905262893誠徵：肝膽腸胃科或家醫科師醫師需求：地點：高雄薪資：可議，合作亦可聯絡方式: 葉小姐0905262893,T
1675523280,Dr.HONG,禮聘 醫師腸胃 耳鼻喉 家醫 小兒 內科地點：高雄市小港區診所待遇: 牌照+時薪費+ ppf節數彈性：6-8節可議，目前兩位醫師輪班，休假彈性，可協調出國休假，工作氣氛佳，上班供餐，與專用停車位。診所一切合法申報，含勞，健，勞退意者請洽 0958026123洪醫師,T
1675533180,群主David1688,桃園區/專任/泛復健申報科桃園區藝文特區診所拓點（永安北路）：??誠徵骨科、復健科、神經外科、神經內科醫師診所有附設復健治療中心、物理治療師、以及內聘藥師調劑??院長底薪加級、福利優渥我們有全方位的醫療服務團隊，誠摯的邀請您一起加入溫馨醫療服務的行列連絡人：李護理長0936078860(轉自桃園群),T
1675627200,群主David1688,??新職缺??以下職缺轉自 5000職缺 或實名制群??歡迎雇主自貼 待聘醫師自薦??誠徵 醫師小兒 家醫地點：台南新市待遇: 節次+ppf節數彈性：休假彈性專用停車位意者請洽 0921063839黃醫師,T
1675608420,群主David1688,??新職缺??以下職缺轉自 5000職缺 桃園群 或實名制群??歡迎雇主自貼 待聘醫師自薦??,F
1675608420,群主David1688,<誠徵專任醫師>板橋區皮膚科診所1.誠徵有意願長期合作之專任服務醫師，需執登；專科別不限，有皮膚科看診經驗尤佳。2.健保門診為主，醫學美容為輔；只想專注健保診亦可。3.工作氣氛佳，好排班，每週5-7節，診數與時段彈性。備有停車位。4.薪資:診費+牌照費+ppf歡迎有耐心有熱忱的醫師加入，意者請聯絡0934389383，如未接聽請留言，或搜尋 au12491洽談,T
1675608420,群主David1688,徵「醫師」誠徵正職/兼職醫師(正職需掛照)科別 : 內科專科、新陳代謝科、家醫科、急診科。地址 : 基隆市中正區長榮桂冠附近（近交流道5分鐘內車程）。時間 : 每周6-9診（兼職另議）。薪資面議，正職含執照費+節數薪水+PPF。診所會加保醫師機構責任險。亦可先報備支援兼診，彼此磨合。詳情請洽 0983399742 ?醫師如未接電話，請先傳訊息，謝謝。,T
1675608420,群主David1688,"南桃園地區聯合診所, 誠徵耳鼻喉專科/急診/家醫/醫師。高牌費加高PPF加抽成分紅，平均薪資絕對優於同業。節次7-9節，排班彈性，淡季可休長假，兼顧家庭生活又有高收入。院長親自教學帶診，是開業培訓或長遠發展的好地方，歡迎有志合作的學弟妹，一起參加我們的團隊。聯絡方式：姜醫師0913353713",T
1675612740,健民康禾,禮聘 掛牌負責醫師家醫 腸胃新陳代謝 耳鼻喉 小兒 內科地點：台北市信義區診所待遇: 牌照+時薪費+ ppf節數彈性：節數可議，目前三位醫師輪班，休假彈性，可協調出國休假，工作環境好 團隊強氣氛佳，有門前藥局配合．診所一切合法申報，含勞，健，勞退希望有誠意合作經理不拘 醫師意者請洽 0910100785黃小姐,T
1675617300,DRWu,南桃園楊梅區診所誠徵專任或兼職醫師科別 : 家醫科、新陳代謝科，小兒科、GI、心臟內科、一般科或內科專科醫師。已有基層診所經驗者佳月三千張左右地址 : 桃園楊梅區薪資面議請來電0-9-1-8-1-2-0-0-9-1 ,T
1675624980,大甲東醫霸,[照片],F
1675624980,大甲東醫霸,歡迎大家一起來玩,F
1675626420,群主David1688,??謝謝前輩分享貼文 生活類/聊天討論類  (下次發文) 請幫我們移到  子群 ~聊天討論群喔    再次謝謝前輩??@大甲東醫霸您已被邀請加入「醫聊無上限醫起聊~醫師Lounge/教育學分/職缺討論/醫藥材團購、轉讓 1688 DocJob」！請點選以下連結加入社群！https://line.me/ti/g2/afOBW9YvGhmiRf1Fx5_0oK7au3tH3bZ2DBpoAg?utm_source=invitation&utm_medium=link_copy&utm_campaign=default,F
1675712940,大甲東醫霸,好,F
1675718640,群主David1688,??新職缺??以下職缺轉自 5000群/桃園群或實名制群??歡迎雇主自貼 待聘醫師自薦??高雄耕心療癒診所誠徵兼職精神專科醫師 工作環境優雅 員工親切 合作氛圍佳 電洽:07 3592011 或林小姐 0915602602(轉自實名制群 by 林醫師),T
1675722360,Danny,姾美診所？,F
1675809000,jeff93099,[貼圖],F
1675787220,Dr.HONG,禮聘 醫師腸胃 耳鼻喉 家醫 小兒 內科地點：高雄市小港區診所待遇: 牌照+時薪費+ ppf節數彈性：6-8節可議，目前兩位醫師輪班，休假彈性，可協調出國休假，工作氣氛佳，上班供餐，與專用停車位。診所一切合法申報，含勞，健，勞退意者請洽 0958026123洪醫師,T
1675787340,LeCheng,誠徵part time復健科/骨科/風免/神內醫師，需報備支援會超音波導引注射者尤佳地點：高雄市鳳山區 (鳳山火車站旁)時段：可議15人 以下6000PPF 15以上 一人100自費抽成另議若合作愉快，未來可共同擴展合作新診所聯絡資訊：0988240026 林醫師Email: lecheng1795@gmail.com,T
1675799580,HDRN,新竹市洗腎診所誠徵『腎臟專科醫師』地點：新竹市工作時間：10節/週，週一至週六待遇優於行情（高保底+PPF)新裝潢環境舒適、交通便利附車位、專科醫師福利佳、聯絡人：林小姐電話：0983472068,T
1675806360,群主David1688,以下職缺轉自 5000職缺 或實名制群  近期已曾轉貼今(昨)日雇主貼文 持續徵求中??歡迎雇主自貼 待聘醫師自薦??,F
1675806420,群主David1688,<誠徵專任醫師>板橋區皮膚科診所1.誠徵有意願長期合作之專任服務醫師，需執登；專科別不限，有皮膚科看診經驗尤佳。2.健保門診為主，醫學美容為輔；只想專注健保診亦可。3.工作氣氛佳，好排班，每週5-7節，診數與時段彈性。備有停車位。4.薪資:診費+牌照費+ppf歡迎有耐心有熱忱的醫師加入，意者請聯絡0934389383，如未接聽請留言，或搜尋 au12491洽談,T
1675892820,群主David1688,中壢耳鼻喉診所，誠徵耳鼻喉專科醫師。地點靠近Sogo，高牌費加PPF，節次7-9節，排班彈性，目前三位耳鼻喉醫師。院長人很好，診所經營的不錯，是個兼顧生活與薪水的好地方。聯絡方式：魯醫師0988819938更新: 老闆說不限制耳鼻喉科，但耳鼻喉科佳，家醫科，兒科都可以，希望是長期合作夥伴，給予有興趣的人。,T
1675844880,歡馨喜悅,應該是 素行不良？,F
1675845420,jeff93099,https://www.nexttv.com.tw/NextTV/News/Home/Society/2022-08-16/878580.html,F
1675850280,Wabang,謝謝你們的討論，但本案已經進入司法，1.診所一切皆依法辦理，並靜待司法判決；2.針對任何不實言論，診所不排除循法律途徑，以維護權益。,F
1675850940,群主David1688,??謝謝大家討論職缺 及意見反饋。  後續討論 移至子群  謝謝大家  ????您已被邀請加入「醫聊無上限醫起聊~醫師Lounge/教育學分/職缺討論/醫藥材團購、轉讓 1688 DocJob」！請點選以下連結加入社群！https://line.me/ti/g2/afOBW9YvGhmiRf1Fx5_0oK7au3tH3bZ2DBpoAg?utm_source=invitation&utm_medium=link_copy&utm_campaign=default,F
1675851720,群主David1688,台中大里/專任/耳鼻喉科、兒科、家醫科??歡迎雇主自貼 待聘醫師自薦??本職缺轉自實名制群by 吳醫師誠徵 《醫師》台中市大里區診所｛誠徵耳鼻喉科、兒科、家醫科專科醫師｝一週6-8節需掛牌專任。薪資:底薪+節數費+PPF。排休彈性、生活品質佳。意洽吳醫師0980-212069 (可先簡訊),T
1675815720,群主David1688,台中大甲/兼任/不分科??歡迎雇主自貼 待聘醫師自薦??本職缺轉自實名制/5000/桃園群誠徵『兼職醫師』台中大甲區診所工作時間：週一至週六3~4節  待遇優聯絡人：傅小姐電話：0931355858  可先簡訊,T
1675816440,real,請問有台東的職缺嗎,F
1675816500,??,什麼科,F
1675816560,神經科小嫩嫩,東基復健科、精神科缺人,F
1675816620,real,骨科,F
1675816620,神經科小嫩嫩,https://www.nhi.gov.tw/Content_List.aspx?n=CA2D5A2E9C070FFC,F
1675816620,神經科小嫩嫩,可以查查看,F
1675816680,神經科小嫩嫩,[照片],F
1675861680,Sini,特別問台東的職缺，還蠻特別的 XD,F
1675862460,Jim kao,骨科有沒有考慮新北診所？,F
1675862580,real,可以短期兼職嗎,F
1675862760,雙北麻醫,好奇疼痛科在外面的行情怎麼樣？專精打echo guide 止痛的,F
1675863240,群主David1688,??謝謝大家討論職缺 及 後續討論 請移至子群  謝謝大家  ????您已被邀請加入「醫聊無上限醫起聊~醫師Lounge/教育學分/職缺討論/醫藥材團購、轉讓 1688 DocJob」！請點選以下連結加入社群！https://line.me/ti/g2/afOBW9YvGhmiRf1Fx5_0oK7au3tH3bZ2DBpoAg?utm_source=invitation&utm_medium=link_copy&utm_campaign=default,F
1675865160,Calvin Chou,增聘台北農安街中西醫診所需一名西醫醫師有意願的可跟Dr鄒聯絡0975010881,F
1675865940,Jim kao,希望專任喔,F
1675866300,Mou,剛退休的，可以嗎？,F
1675866360,Jim kao,可以聊聊喔,F
1675866900,朱智盟,桃園/專任/眼科徵?醫師?眼科地點：桃園眼科連鎖診所聯絡電話：0908738058聯絡人：朱醫師薪資：面議*本診所?全眼科診所，有各式眼科雷射，準分子雷射飛秒雷射，眼科醫師可學習飛秒及屈光，永久保障薪，超高抽成*交通方便有停車位,T
1675867140,Mou,我的ID 是m-o-u-c-h-e-n-9-9 去掉-,F
1675881780,k,Google搜尋負責人網頁跑出來的名字再搜新聞和判決書會很有趣（有積欠工資和違反刑法銀行法限制出境的相關）,F
1675882260,啦啦,積欠工資還這麼兇喔,F
1675882320,123,謝謝K大,F
1675882380,Wabang,基本上沒有兇呀,F
1675882440,k,大概是本人吧,F
1675882440,Wabang,真不知道醫師的邏輯問題,F
1675882440,Wabang,是本人或是本人有影響到您？,F
1675882440,k,就pi欸我只是剛好搜尋而已的路人,F
1675882560,Dogjob,陳述事實而已 沒有要管,F
1675882980,群主David1688,??謝謝大家討論職缺 及 後續討論 請移至子群  謝謝大家  ????您已被邀請加入「醫聊無上限醫起聊~醫師Lounge/教育學分/職缺討論/醫藥材團購、轉讓 1688 DocJob」！請點選以下連結加入社群！https://line.me/ti/g2/afOBW9YvGhmiRf1Fx5_0oK7au3tH3bZ2DBpoAg?utm_source=invitation&utm_medium=link_copy&utm_campaign=default,F
1675883040,群主David1688,台南仁德區.耳鼻喉診所誠徵 專任醫師??歡迎雇主自貼 待聘醫師自薦??本職缺轉自實名制/5000/桃園群(red check mark)內科，家醫，耳鼻喉，兒科 ...醫師(red check mark)無經驗可學ENT治療，一些內科三高病患(red check mark)牌照費+節數費(9診)+PPF(red check mark)約2023.5-7月上班，可先談意者，麻煩電話0960-0316000987-192680或留簡訊，必回撥，謝謝,T
1675884000,Yang yang,這個？,F
1675884000,Yang yang,[照片],F
1675884300,群主David1688,如果有積欠醫師薪資之具體事實，再麻煩相關大大具名檢舉(請附上執業執照)寄至 客服信箱，我們管理員會  刪除相關院所的廣告。謝謝大家。1688醫師職缺群私訊客服Line 如下https://lin.ee/GlaQY3H,F
1675884360,k,[照片],F
1675884420,k,[照片],F
1675884420,k,用上面的名字搜尋判決書有積欠工資算不算證據,F
1675884540,Wabang,判決書是欠醫師嗎？我也傻眼了,F
1675884660,Yang yang,老實說，老闆金主根本無敵免死金牌的,F
1675884720,Ken,大家都是為了賺錢加入這個版的，不想找麻煩，我就問有麻煩的診所，誰會去啊？版主行行好，不要浪費大家資源，有爭議的不要放上來讓大家吵架,F
1675884720,群主David1688,....... 停止線，此事到此。(我們3個管理員再開會一下),F
1675884780,群主David1688,....... 停止線，此事到此。(我們3個管理員再開會一下，後續處理準則)謝謝大家意見反饋,F
1675884960,k,[照片],F
1675884960,k,[照片],F
1675884960,k,[照片],F
1675884960,k,[照片],F
1675885080,群主David1688,謝謝大家提醒求職風險， 我們關心醫師權益。如果有醫師「具名」檢舉院所積欠「醫師」薪資，這兩個要件，  我們就拒絕該院所刊登職缺， 謝謝大家,F
1675885740,tic,刪除廣告的同時，希望也能警示告知，以免有人誤踩雷,F
1675885980,Jeff,我才剛碰到一個詐騙的醫師，現在又在另一間診所利用群組徵人，這樣的醫生還真不少喔,F
1675885980,群主David1688,"謝謝 K大大提醒 潛在高風險院所，我們管理群再討論一下，  是否 提升風險管控，提早刪文。(本貼文的雇主是有說 兼職領現  理論上不會欠薪？而且 判決書是 欠護士， 不是欠醫師。 如果是欠醫師，本群管理上會馬上砍文+退群但是我想是否醫師被欠薪但沒時間跑法院？沒提告？)但是我們管理群是偏向1.醫師「具名」檢舉院所2.積欠「醫師」薪資，這兩個要件,才刪文+退群。「提升風險管控，提早刪文」我們要再想想，現在腦筋不清楚。",F
1675886220,Jeff,管理群即然都說了我就不再多言，不過還是提醒求職的醫師要很小心，他們的手法都很高明，停，看，聽很重要??,F
1675886340,群主David1688,前輩見識多  這部分可以再多補充開釋嗎？還是要收集醫美診所一份欠薪 或是 高風險 示警清單？,F
1675886460,群主David1688,現在是怕 醫美診所間內鬥 互相黑來黑去。所以原則上我們只受理 「具名 」(要附執業執照)檢舉... 就刪文+退群。,F
1675886520,jeff93099,版主要怎麼私訊你,F
1675886580,群主David1688,1688醫師職缺群私訊客服Line 如下https://lin.ee/GlaQY3H,F
1675891380,普普風,這個判決書都看得到了 還要具名檢舉？ 還要積欠到「醫師」薪資才算？這標準是否太寬鬆,F
1675982580,EDU,已證實不優良的醫療院所和不善意的工作環境都應該被抵制， 避免害群之馬影響醫療同仁的辛苦經營和血汗壓榨。,F
1675945620,Ivan,大仁哥∼生活過的不容易啊,F
1675927560,群主David1688,昨晚有人 具名檢舉 欠薪， 已處理。  謝謝大家反應。,F
1675927680,群主David1688,已退群+刪文。,F
1675935240,群主David1688,"中壢/專任兼任？/醫美不分科??歡迎雇主自貼 待聘醫師自薦??本職缺轉自實名制/5000/桃園群?醫美診所，如有勞資經營疑慮，請群友反應，thx女王時尚診所誠徵中壢醫美醫師1.醫美諮詢、雷射治療、微整形、微整注射2.需有雷射微整電音波相關經驗3.須能報備支援4.可以配合醫師時間彈性調整診次及時間5.醫療團隊成員皆有醫美實務經驗,會盡全力配合醫師歡迎加LINE進一步了解Line 唉滴:@肆玖捌cbqvd診所附近交通便利中壢區元化路上火車站旁,診所對面為中央東路地下停車場窗口:楊經理 0985109438",T
1675938180,Sini,"小弟下個月一號才開始在新診所上班，這個月有空檔想接一些兼職來貼補生活費（家父患病醫藥費開銷很大），若有任何兼職缺都歡迎聯絡。有專科，但非家專、兒轉、急專、內專。我的email 是 steeven.john.son101@gmail.com, TG是: +886983701306, 歡迎疫苗診或其他兼職機會，謝謝。",F
1675938420,Small cake,有限制地區嗎,F
1676025180,Sini,北北基桃皆可,F
1676026200,群主David1688,"內湖/掛牌兼任？/家醫、內科、不分科??歡迎雇主自貼 待聘醫師自薦 (請註明地區)??本職缺轉自實名制/5000/桃園群????醫美/自費診所，如有勞資經營疑慮，請群友反饋，thx。誠徵?醫師?歡迎新夥伴：針對抗衰老 新興免疫細胞NK, 幹細胞，外泌體，有治療興趣及熱誠之家醫科，內科掛牌醫師（擔任院長）或願意兼診醫生。（有免疫細胞.幹細胞經驗為佳)合作醫師收入含：醫師掛牌費，每次門診費，專業執業分潤，技術乾股(年營收分潤）。今年3-4月即將開業抗衰老醫學診所，地點：內湖新湖三路。客戶為30%中高資產客戶，70%東南亞華人。意者可洽：聯絡人：陳keira 0953117772",T
1676036220,群主David1688,"如果當過老闆，就知道有 「求職蟑螂」(護士、藥師)這種事，這是判決書上看不出來的。(當然這次這個業者太黑了，蠻多醫師反應的)所以有「具名 」就會馬上處理，列為category I, 刪文+退群。Category II,  就標示高風險疑慮。 目前打算這樣管理分級。(診所開久，也是有暗黑手法在Google 評論抹黑對手)所以處理上，希望私訊1688客服@line「具名」。",F
1676036340,群主David1688,以下職缺轉自 5000職缺 或實名制群  近期已曾轉貼今(昨)日雇主貼文 持續徵求中??歡迎雇主自貼 待聘醫師自薦??,F
1676036340,群主David1688,誠徵醫師科別 : 誠徵家醫科、新陳代謝科，小兒科、一般科或內科專科醫師一位。地址 : 桃園市中壢區高?A17附近時間 : 每周6-9診薪資面議，含牌費+診費+PPF其他福利：醫師機構責任險及團體保險亦可先報備支援兼診，彼此磨合。詳情請洽 0916-746-259林醫師如上診未接電話，請先傳訊息，謝謝,T
1676036340,群主David1688,<誠徵專任醫師>板橋區皮膚科診所1.誠徵有意願長期合作之專任服務醫師，需執登；專科別不限，有皮膚科看診經驗尤佳。2.健保門診為主，醫學美容為輔；只想專注健保診亦可。3.工作氣氛佳，好排班，每週5-7節，診數與時段彈性。備有停車位。4.薪資:診費+牌照費+ppf歡迎有耐心有熱忱的醫師加入，意者請聯絡0934389383，如未接聽請留言，或搜尋 au12491洽談,T
1676036340,群主David1688,耳鼻喉科診所誠徵醫師科別 : 家醫科、小兒科、內科。地址 : 台中市南屯區時間 : 每周2診，星期三或四早診，星期六夜診薪資面議。報備支援兼診可，不用掛牌詳情請洽 0958-383935鄭醫師如上診未接電話，請先傳訊息，謝謝,T
1676036340,群主David1688,南桃園診所誠徵專任或兼職醫師科別 : 家醫、小兒、腸胃、心臟內科、一般科或內科專科醫師。有基層診所經驗者佳，月三千張左右，診所目前有兩位醫師地址 : 桃園楊梅區薪資面議請來電0-9-1-8-1-2-0-0-9-1 ,T
1676036460,群主David1688,以上職缺為重複再次刊登 ??歡迎雇主自貼 待聘醫師自薦??,F
1676147640,群主David1688,基隆新北/兼任/外科家醫??新職缺????歡迎雇主自貼 待聘醫師自薦??本職缺轉自實名制/5000/桃園群聯合診所招募兼任醫師2名地區：基隆與新北市外科/家醫科/所有科別皆可工作內容：傷口(急性）照護門診，有傷口護理師協助處理傷口。聯絡人：陳先生0910933140,T
1676128080,Lin,請問桃園設立診所有一定要室內裝修，不能簡易室裝嗎,F
1676128140,Lin,或是有覺得不錯的室內裝修可以介紹嗎,F
1676128560,靜默,符合法規就沒問題沒裝潢更可以彰顯醫師純靠醫術,F
1676128920,芭比貓,幾坪？,F
1676128920,芭比貓,坪數不大 裝潢費不貴,F
1676128920,芭比貓,該投資還是要付,F
1676130000,Lin,30坪,F
1676132040,羅德里奎茲,裝潢費一坪要抓幾萬啊,F
1676132220,台中小正妹,健保的話 沒差吧最好髒髒的，電風扇都是灰塵,F
1676132460,阿祐,最省也要兩萬以上，光冷氣就不少了,F
1676132520,Martin54,[照片],F
1676132640,Martin54,這種會勾起阿嬤級粉絲的回憶,F
1676134740,群主David1688,聊天 請往 子群移動 謝謝大家  維持版面乾淨喔您已被邀請加入「醫聊無上限醫起聊~醫師Lounge/教育學分/職缺討論/醫藥材團購、轉讓 1688 DocJob」！請點選以下連結加入社群！https://line.me/ti/g2/afOBW9YvGhmiRf1Fx5_0oK7au3tH3bZ2DBpoAg?utm_source=invitation&utm_medium=link_copy&utm_campaign=default,F
1676221980,Lin,等等核准,F
1676328180,小貓醫師,誠徵 「專任醫師」台中市屯區新設立聯合診所、寬敞大店面、現代化的設備、專業軟體、管理團隊、誠徵家醫科、內科（內分泌科、腸胃科、心?科）復健科及其他科醫師高診費 + 牌費+PPF、兩年以後可以入股參與經營多人輪班 放假彈性週日休診待優，享勞健保意者請洽 陳醫師0975-376379,T
1676248740,群主David1688,以下職缺轉自 5000職缺 或實名制群  近期已曾轉貼今(昨)日雇主貼文 持續徵求中??歡迎雇主自貼 待聘醫師自薦??,F
1676248740,群主David1688, 急徵第三位專任或兼任醫師桃園區離台北開車40分鐘一般科、 內兒科診所歡迎各科醫師高牌照費高PPF病人穩定抽成高除夕-初五休息 其他時間醫師都可輪班排休出國?留下您的訊息我們會和您聯絡電話0906858006 0933106946,T
1676248740,群主David1688, 徵    <兼任醫師>工作地?: 台中 大甲離台中開車35分鐘工作時間:2-4節聯絡電話:0931355858  傅小姐,T
1676248740,群主David1688,?徵正職醫師?地點：高雄小港區機場附近科別：家醫，兒科休假：週休一日，假日輪值薪資：面議工作內容：西醫門診，視訊診療福利：1.三節獎金，年終?金2.PPF費3享健、勞保、勞退4.員工眷屬看診優惠，診所商品成本價購買。到職日期：3/01後聯絡人：0929364892邱小姐如沒接電話請簡訊通知。工作氣氛愉快，排班彈性，空檔可報備支援其它診所，或休假出國。上班供餐與專用停車位,T
1676248740,群主David1688,誠徵「 醫師 」彰化縣和美鎮診所誠徵專任醫師一位家醫科，一般內科?科醫師。（需耳鼻喉治療作業）每週5-7節，星期六固定休診。請洽0932678904方醫師e-mail : c24728355@yahoo.com.tw,T
1676248740,群主David1688,禮聘 轉、兼職醫師耳鼻喉科 家醫科 小兒科 內科地點：桃園市 桃園區耳鼻喉科診所（近市政府）待遇:牌照費／診次費／ ppf可合作節數：節數自選請電0953688089莊小姐,T
1676248740,群主David1688,誠徵 「專任醫師」台中市屯區新設立聯合診所、寬敞大店面、現代化的設備、專業軟體、管理團隊、誠徵家醫科、內科（內分泌科、腸胃科、心?科）復健科及其他科醫師高診費 + 牌費+PPF、兩年以後可以入股參與經營多人輪班 放假彈性週日休診待優，享勞健保意者請洽 陳醫師零玖柒伍參柒陸參柒玖,T
1676248800,群主David1688,以上職缺為重複再次刊登 ??歡迎雇主自貼 待聘醫師自薦??,F
1676248860,群主David1688,"文山/專任兼任？/不分科(耳鼻喉科 或其他任何專科)誠徵 醫師台北市文山區景升診所（景升一般門診時段∼星期一三五早診 ，星期六二四六晚診 早診8:30到12:30 晚診5:00到9:00）??新職缺????歡迎雇主自貼 待聘醫師自薦??本職缺轉自實名制/5000/桃園群執照費及看診費：1.醫師執照五萬元診費$5000/節2.有專科醫師執照費六萬元 ＄6000/節3.有耳鼻喉科專科醫師執照費85,000元＄8000/節交通便利，附停車位意者請洽0972028887 李醫師",T
1676385960,安安安,?徵專任醫師?地點：新北中和區南勢角捷運站科別：兒科，家醫休假：每週6-8節，週休一日，假日輪值薪資：面議到職日期：隨時聯絡人：0939989645林醫師如沒接電話請簡訊通知。工作氣氛愉快，排班彈性，空檔可報備支援其它診所，或休假出國。工作人員專用衛浴，與病患分開。空間大，環境舒適。,T
1676333400,Dr.Chen,徵專任醫師?地點：新北樹林區火車站科別：帶照兒科醫師休假：每週6-8節，週休一日，假日輪值薪資：面議依照經驗給薪到職日期：隨時聯絡人：賴  i-m-c-h-r-i-s-c-h-t如沒接電話請留LINE通知,T
1676471340,群主David1688,中壢/專任/復健科??新職缺????歡迎雇主自貼 待聘醫師自薦??本職缺轉自桃園群新屋佑明診所 新診所拓點地點：桃園市中壢區中山東路附近高薪誠徵復健科醫師高保障底薪+院長加給+執照費+自費抽成+盈餘獎金+保稅，每星期10診，平均每月保障35萬。誠摯邀請有意願的醫師共同努力。藥師，復健師及櫃檯人員等等皆已備齊。麻煩請洽黃主任電話:0925899125或電子郵件huang1063@yahoo.com感謝大家。,T
1676453880,Dr.HONG,?徵正職醫師?地點：高雄小港區機場附近科別：家醫，兒科休假：每周6-9節，彈性排班，假日輪值薪資：面議工作內容：西醫門診，視訊診療福利：1.三節獎金，年終?金2.PPF費3享健、勞保、勞退4.員工眷屬看診優惠，診所商品成本價購買。到職日期：3/01後聯絡人：0929364892邱小姐如沒接電話請簡訊通知。工作氣氛愉快，排班彈性，空檔可報備支援其它診所，或休假出國。上班供餐與專用停車位,T
1676475240,精彩,?誠徵： 醫美專職醫師?地址：桃園市藝文特區週一，四 14:00-20:00?主要工作項目微整，電音波，雷射不限專科診所可重點培訓醫師待遇掛牌費用可談。一診（三小時）PPf依年資經驗調整?意者請電洽-0-9-1- 6-9-0-9-7-6-6舒經理或意者請洽：此連結??為私人交談line://ti/p/@ono4238y,T
1676483100,小易,?徵專任醫師?地點：台中市南區科別：內兒家醫休假：每週4-6節/ 早班 、無夜診薪資：牌費+診費+PPF到職日期：4/1 以後聯絡人：0918005019 易醫師如沒接電話請簡訊通知。工作氣氛愉快，排班彈性，空檔可報備支援其它診所，或休假出國。,T
1676589420,群主David1688,"誠徵  專任醫師（需掛牌）雲林斗六  OO耳鼻喉科診所誠徵耳鼻喉專科醫師一週7-9節薪資優30萬up沒問題薪水:牌費8萬+節數費8000底+PPF (可議）看診品質佳，每節時間2.5~3.5 hr,中間有休息，兼顧拼經濟，家庭以及生活品質。歡迎親洽林小姐 0972752952( 或可先加line ID：同手機， 記得傳個圖提醒避免遺漏喔！)歡迎中南部醫師跨區任職可協助解決住宿問題！",T
1676505660,健民康禾,*北市信義區優質健保診所禮聘：【掛牌負責人醫師】待遇：掛牌費+診費+PPF合作模式可面議請??：0910100785黃小姐,T
1676508300,傑尼龜_台北,台北市信義區徵?醫師?家醫科第二位專任服務醫師成健/急慢性病/慢簽/看診一週5-6診有勞工健康服務及基層診所經驗佳排班彈性/生活工作品質佳聯絡電話：0988547730聯絡人：HR薪資：面議，牌照/保障薪+抽成,T
1676750580,精彩,?誠徵： 醫美專職醫師?地址：桃園市藝文特區週一，四 14:00-20:00?主要工作項目微整，電音波，雷射不限專科診所可重點培訓醫師待遇可談。一診（三小時）PPf依年資經驗調整?意者請電洽-0-9-1- 6-9-0-9-7-6-6舒經理或意者請洽：此連結??為私人交談line://ti/p/@ono4238y,T
1676728080,群主David1688,以下職缺轉自 5000職缺 或實名制群  近期已曾轉貼今(昨)日雇主貼文 持續徵求中??歡迎雇主自貼 待聘醫師自薦??,F
1676728140,群主David1688,(light)(light)誠徵醫師(light)(light)(check)科別 : 誠徵家醫科、內科專科、急診專科、小兒科或一般科醫師(check)地址 : 桃園市中壢區後站附近(check)時間 : 每周6-9診，假日輪休，可討論(wallet)薪資 : 牌費+診費+PPF(check)目前只有老闆一位醫師，想要增加第二位醫師(check)只想上少少班也可以，要多一點的班也行，有彈性(check)絕對不會Ａ報Ｂ，不用擔心法律上的問題(check)一開始上班還沒熟悉前，老闆會火力支援，不用太緊張(check)工作團隊氣氛融洽，目前沒有氣勢凌人的夥伴(check)本診所不打針(check)有什麼特別想要治療或檢查的項目，或是用習慣的藥物都歡迎跟老闆討論，互相切磋，可以讓彼此更進步(incoming)詳情請洽 0937-125200范小姐,T
1676728140,群主David1688,誠徵 醫師小兒 家醫地點：台南新市待遇: 牌照+節次+ppf休假彈性專用停車位意者請洽 0921063839黃醫師若忙碌中請留簡訊，謝謝,T
1676728140,群主David1688,誠徵醫師科別 : 誠徵家醫科或小兒科  專科醫師一位。地址 : 新北市中和南勢角時間 : 每周8-10診薪資面議：含執照費+節次費+PPF詳情請洽 0933-157256葉小姐如未接電話，麻煩先傳訊息，謝謝！,T
1676728140,群主David1688,1、誠徵?醫師?桃園市耳鼻喉、家醫診所，誠徵耳鼻喉科、兒科、家醫科、內科及一般科醫師2、地區：桃園、八德區一周2-7節，交通方便3、電話09370056364、聯絡人：張小姐（如無接聽，可先簡訊）,T
1676728140,群主David1688,?徵正職醫師?地點：高雄小港區機場附近科別：家醫，兒科休假：週休一日，假日輪值薪資：面議工作內容：西醫門診，視訊診療福利：1.三節獎金，年終?金2.PPF費3享健、勞保、勞退4.員工眷屬看診優惠，診所商品成本價購買。到職日期：3/01後聯絡人：0929364892邱小姐如沒接電話請簡訊通知。工作氣氛愉快，排班彈性，空檔可報備支援其它診所，或休假出國。上班供餐與專用停車位,T
1676728200,群主David1688,以上職缺為重複再次刊登 ??歡迎雇主自貼 待聘醫師自薦??,F
1676728380,群主David1688,此篇應為??新職缺????歡迎雇主自貼 待聘醫師自薦??,F
1676740500,EricJoe,請問醫師出國進修約三-五年 還可以讓診所掛牌嗎？謝謝各位解惑,F
1676740560,Zoe Wang,人不在台灣是不可以報健保申報的,F
1676740620,EricJoe,沒有申報健保費 只是掛負責人的話可以嗎？,F
1676740740,Yuan,@EricJoe 除非偷渡出國,F
1676740800,EricJoe,也就是說 拿另外一本國籍的護照出國就可以對嗎？我的意思是只掛負責人,F
1676741400,張景永菲力普, 診所醫師的存在！除非有醫生執業執照！而由主管醫療的?生單位按照業務主持人?給予執行業務執照依據法律執行空窗期多久！應該向?生局申請！申報！,F
1676741580,阿祐,記得是一年，可以直接問衛生局，或許不同縣市的衛生局不同調。,F
1676828760,群主David1688,如有需要討論 聊天 請往子群移動維持本版面乾淨  謝謝大家喔您已被邀請加入「醫聊無上限醫起聊~醫師Lounge/教育學分/職缺討論/醫藥材團購、轉讓 1688 DocJob」！請點選以下連結加入社群！https://line.me/ti/g2/afOBW9YvGhmiRf1Fx5_0oK7au3tH3bZ2DBpoAg?utm_source=invitation&utm_medium=link_copy&utm_campaign=default,F
1676845080,群主David1688,以下職缺轉自 實名制群  近期(或)已轉貼今(昨)日雇主貼文 持續徵求中??歡迎雇主自貼 待聘醫師自薦??,F
1676845140,群主David1688,誠徵  (專任醫師)彰化縣鹿港鎮診所誠徵 家醫科、耳鼻喉科，兒科醫師節數:5-7 節星期日固定休息節數費 +牌照費+PPF。附停車位意者請洽: 0939-395-161 吳小姐,T
1676845140,群主David1688,誠徵 專任或兼任 醫師桃園市桃園區身心科診所限精神專科醫師節數彈性可談意者請電話 0966559792蕭小姐謝謝,T
1676845140,群主David1688,借版面徵才台南 林俞仲身心精神科診所誠徵 專任或兼任精神科專科醫師診次節數彈性可協調歡迎樂於與病人互動的夥伴們一起投入基層??Email: rudionlin@yahoo.com.twTEL:06-3036006LINE: k-i-w-i-a-p-p-l-e-8-8 (去掉-）,T
1676845140,群主David1688,誠徵?醫師?掛牌或兼職科別 : 耳鼻喉科，兒科，家醫科，內科或其他專科地址 : 竹北成功國中對面耳鼻喉科診所（益康耳鼻喉科）時間 : 節數彈性可談薪優，醫師好相處請電：03-65781200976731765李醫師,T
1676845200,群主David1688,以上職缺為重複再次刊登 ??歡迎雇主自貼 待聘醫師自薦??,F
1676845260,群主David1688,此為??新職缺????歡迎雇主自貼 待聘醫師自薦??本職缺轉自實名群,F
1677018300,奈克落滋瑪,*北市內湖區優質健保診所禮聘：【掛牌負責人醫師】待遇：掛牌費+診費+PPF合作模式可面議請??：0930972203魯Sryichlu0318@gmail.com,T
1676995320,群主David1688,??新職缺，轉自 5000職缺 或實名制群  ??歡迎雇主自貼 待聘醫師自薦??,F
1676995320,群主David1688,徵?支援醫師?地點：高雄市梓官區家醫科診所時間：（1）5月28~30日（2）6月26~7月5日共9天(其中7月1日是星期六）時段：早上8?~12?下午3~6?晚上7~9((w)1~5)聯絡電話：0913853527張醫師,T
1676995320,群主David1688,誠徵 耳鼻喉/小兒/家醫專科醫師近土城捷運站，診所備有停車位每週約7-9節專職：牌照每月60000，每節6000，另有ＰＰＦ，補助醫師公會會費兼職：需報備支援，每節5000意者請電洽陳小姐 0-9-1-1-5-7-3-2-0-8也可傳簡訊，會盡快回覆您,T
1676995320,群主David1688,"誠徵?受僱專任醫師，內科、家醫科醫師?中壢新屋交流道下診所1.牌照費6萬，PPF, 獎金，所有處置分成2.單純看診，不需負管理責任, 可入股3.一週6-8診，*意者請洽  E mail : huang.hh1223@gmail.com",T
1676999580,林震東,請問診所是在哪裡？,F
1677002340,Ufuahs Lee,★樹林區內科/家醫科診所★徵2年以上長期合作、專任掛牌家醫科/內科醫師1. 有糖共網證書，需要執行腹部超音波。2. 待優，PPF另計。以目前醫師為例，平均單節門診，可領近8000。3. 備有醫師專用停車位。4. 工作環境氣氛佳、溝通良好。5. 具職涯發展性，歡迎年輕醫師一同打拼努力，未來可以擔任負責人。聯絡人：李秘書 / 連絡電話：0928750636,T
1677097500,Dan,誠徵： 醫美專職醫師地址：桃園市中壢區週二，五 13:00-20:00工作項目內容微整，電音波，雷射不限專科，診所可培訓醫師，期許有一起打拼的醫師意者請電洽0930012066 (鄧院長)或0982529979,T
1677055980,Manko,不知道能否借問，如果我想學骨關節注射，之前完全沒有經驗，可以去找誰學習呢？或者有正規的課程可以利用。,F
1677056040,小家醫,很多原文簡單上手書籍 先從常打的關節了解。,F
1677056100,小家醫,最好有初步的了解跟一些基礎概念再去上課 或是找前輩教,F
1677056100,小家醫,比較聽得懂 人家也覺得比較不伸手,F
1677056520,Manko,好的，謝謝建議,F
1677056640,子傑,醫院放射科是超音波導引下注射，但是去骨科門診打工，是客人指出痛點，醫師觸診確認後注射,F
1677057240,小家醫,雖然大材小用 但很多時候簡單的增生療法或是有節制的類固醇療法 就能讓病人覺得改善很多了,F
1677060540,醫師游游哥,我也想知道哪裡有可以學得,F
1677064920,醫師Li @潭子,https://www.sumroc.org.tw/index.php?action=activity_detail&id=2276,F
1677064980,醫師Li @潭子,https://pain.org.tw/index.php/page_main/index/7/0/1,F
1677095280,妮妮,【公司名稱】：馬丁健康診所【職缺名稱】：掛牌醫師（不限科別）兼職醫師（限內科、家醫科、心臟科、神經內科、新陳代謝科為主）【工作地點】：內湖、土城、桃園【工作經歷】：不拘【具備證照】：高考醫師【薪　　資】：固定或是變動薪資，因個人資歷或是績效而異【工作內容】：1. 門診EECP諮詢、推廣及照護2. 檢驗結果判讀3. 提供病人及家屬衛教4. 熟悉三高慢性病照顧【聯絡方式】：王小姐（Jolin)0912-450224,T
1677187080,Dr.Chen,樹林區兒科診所徵2年以上長期合作專任掛牌兒科醫師1. 兒專/過敏免疫專科/氣喘專科/兒童腸胃專科2. 診費/掛牌費/PPF/平日診費跟假日不同/假日診目前醫師可以領到80003. 備有醫師停車車位或停車補貼4. 護理師搭配跟診，合作愉快未來可以入股或是擔任院長請洽 陳醫師 賴：i-m-c-h-r-i-s-c-h-t,T
1677255720,精彩,?誠徵： 醫美專職醫師?地址：桃園市藝文特區週一，四 14:00-20:00?主要工作項目微整，電音波，雷射不限專科診所可重點培訓醫師待遇可談。一診（三小時）PPf依年資經驗調整?意者請電洽-0-9-1- 6-9-0-9-7-6-6舒經理或意者請洽：此連結??為私人交談line://ti/p/@ono4238y,T
1677252780,敏睿HR,誠徵醫師桃園市中壢診所誠徵家醫科/內科醫師可節數少薪資福利面議排班休假容易適合在地長期發展電洽03-2550908李小姐,T
1677612480,Tini,桃園市龍潭區/專任/耳鼻喉科誠徵耳鼻喉科專科醫師診所地點：桃園市龍潭區耳鼻喉科專科診所每周約7-8診，節次可談！享開業的收入，沒有開業的煩惱。薪資計算標準絕對高於業界。可採保證薪或純PPF制，純PPF計算方式依年資經歷而定， 計算方式以診察加診療費用的7-8成計算。診所固定張數穩定。距龍潭交流道3分鐘。歡迎自薦或分享給其他醫師。有意者請電話聯絡。電話0-9-1-1-3-2-8-3-0-6練醫師。謝謝,T
1677582420,呂慶城,桃園市蘆竹區   聯合門診誠徵  專任及兼任醫師精神科，內科，兒      科、家醫科、外科系或一般科醫師地區：桃園市蘆竹區節數依個人需求，方便排班，開車搭車皆方便電話：0932333472,T
1677613560,精彩,?誠徵： 醫美專職醫師?地址：桃園市藝文特區週四 14:00-20:00?主要工作項目微整，電音波，雷射不限專科診所可重點培訓醫師待遇可談。一診（三小時）PPf依年資經驗調整?意者請電洽-0-9-1- 6-9-0-9-7-6-6舒經理或意者請洽：此連結??為私人交談line://ti/p/@ono4238y,T
1677700500,艾琳,"【禮聘桃園醫師 正職/兼任】地點：桃園中壢平鎮診所科別: 家醫 小兒 內科 腸胃 耳鼻喉 及各科高手待遇: 雙北桃園新竹薪資行情以上工作內容: 家醫健保門診，業務單純，無行政雜務時間彈性：4-8節可議，多位醫師輪班，預假都放的到教學相長：訓練期一樣支薪, 職前訓完整，一開始門診都會有人帶正派經營：一切合法申報，也有法律顧問並投保醫責險做後盾發展空間大: 可合夥入股或長期受雇拿獎金診所位於交流道旁，歡迎各外縣市高手加入團隊共享獲利！意者請洽 ID : b-b-b-w-e-i (去掉-）或0937351657 劉醫師聊聊∼看診中若未即時接到訊息，也會盡快回覆！",T
1677680820,ED,[桃園/ 桃園區藝文特區]誠徵醫美專職醫師??時間：每週四14:00-20:00??項目：各式微整、電音波、雷射??待遇：1）一天兩診診費$100002）PPF依照經驗 面議??其他補充：1）配有醫師專屬停車位2）長期配合可重點培訓??聯絡方式：0926-043-473湯先生。,T
1677683160,奈克落滋瑪,誠徵 小兒專科醫師近東湖捷運站每週約6-9節專職：牌照每月55000，每節5500-6000，補助醫師公會會費兼職：需報備支援，每節5000意者請電洽魯小姐0930972203也可傳簡訊，會盡快回覆您,T
1677790080,Dan,誠徵： 醫美專職醫師地址：桃園市中壢區前站週四，五 13:00-20:00可調整時間工作項目內容會微整，電音波，雷射為佳不限專科，診所可培訓醫師，期許有一起打拼的醫師意者請電洽0930012066 (鄧院長),T
1677766440,毛毛,誠徵一般科醫師（內兒家醫ENT皆可）地址：南投縣草屯鎮工作內容：一般家醫科業務無行政業務，薪資優，高於市場行情聯絡電話：0952425245聯絡人：王醫師,T
1677768360,洪清中,?徵正職醫師?地點：高雄小港區機場附近科別：家醫，兒科休假：週休一日，假日輪值薪資：面議工作內容：西醫門診，視訊診療福利：1.三節獎金，年終?金2.PPF費3享健、勞保、勞退4.員工眷屬看診優惠，診所商品成本價購買。到職日期：聯絡人：0929364892邱小姐如沒接電話請簡訊通知。工作氣氛愉快，排班彈性，空檔可報備支援其它診所，或休假出國。上班供餐與專用停車位,T
1677855840,ED,[桃園/ 桃園區藝文特區]誠徵醫美專職醫師??時間：每週四14:00-20:00??項目：各式微整、電音波、雷射??待遇：1）一天兩診診費$100002）PPF依照經驗 面議??其他補充：1）配有醫師專屬停車位2）長期配合可重點培訓??聯絡方式：0926-043-473湯先生。,T
1677831780,Robert,[照片],F
1677831840,Dan,誠徵： 醫美專職醫師地址：桃園市中壢區前站週四，五 13:00-20:00可調整時間工作項目內容會微整，電音波，雷射為佳不限專科，診所可培訓醫師，期許有一起打拼的醫師意者請電洽0930012066 (鄧院長),T
1677832260,精彩,?誠徵： 醫美專職醫師?地址：桃園市藝文特區四 14:00-20:00?主要工作項目微整，電音波，雷射不限專科診所可重點培訓醫師待遇可談。一診（三小時）PPf依年資經驗調整?意者請電洽-0-9-1- 6-9-0-9-7-6-6舒經理或意者請洽：此連結??為私人交談line://ti/p/@ono4238y,T
1677852240,奈克落滋瑪,誠徵 小兒專科或住院醫師近東湖捷運站每週約6節兼職：需報備支援，每節5000意者請電洽魯小姐093-09-72-20-3也可傳簡訊，會盡快回覆您,T
1677968820,NN,誠徵：內兒科、家醫科、內科醫師。診所地點：新竹市東區建美路（交通方便，住宅區生活機能完整，好停車，近清大夜市）待遇：1、負責人牌照費6萬（亦可單看診）。2、節費6500/節，ppf、獎金另計。3、4-10節/週(節數可議、排診空間大)。4、合作方式可議，同樣歡迎想經營一個自己診所的合作夥伴。健保診所，合法申報，並投保醫療責任險。聯絡方式：0931371951（熊先生）,T
1677920820,群主David1688,[假日工商時間，謝謝以下贊助捐款台北市醫師工會，促進醫師權益，(3Q)],F
1677920880,群主David1688,[照片],F
1677926760,Rover2022,[照片],F
1677926880,群主David1688,前輩好， 謝謝可愛貼圖  下次聊天性質麻煩移至聊天子群， 謝謝前輩 ??以維持版面乾淨,F
1678043340,未來診所吳怡慧,「高雄」誠徵兼診醫師地點：高雄市前鎮區未來診所台灣第一家整合性健康診所，唯一ＮＧＯ與診所結合服務一站式服務徵求內科/家醫科醫師兼診4~6診次/週，目前以早診為主，適合需要兼顧家庭的醫師。診費因服務內容浮動，可單純看健保門診。診費5000元/診，若對自費疼痛與醫美診有興趣，可談外加績獎。請洽：futureclinic13@gmail.com或0910610969吳醫師,T
1678010940,奈克落滋瑪,誠徵 兼任小兒科或住院醫師近東湖捷運站需2-3夜診+週六早診兼職：需報備支援，每節5500意者請電洽魯小姐093-09-72-20-3也可傳簡訊，會盡快回覆您,T
1678014960,傑夫,住院醫師能支援報備的應該趨近於0,F
1678015620,豚仔,為什麼不找主治非要住院醫師不可？,F
1678015860,傑夫,因為便宜吧??,F
1678016280,豚仔,凹夜診假日診這種薪水確實是吃人夠夠,F
1678016820,德克,他不是寫或嗎??,F
1678016880,德克,台北兒科常態價格也沒到凹吧？,F
1678017060,小家醫,重點是夜診假日診吧 還蠻凹的吧==,F
1678017120,小家醫,那平日白天是要給4000？,F
1678017120,曾,如果Ｒ的醫院能讓他報備 以R來說我覺得會蠻願意去的,F
1678017180,Yan,大家覺得假日晚上一節大概多少合理 內科專科牌,F
1677974400,豚仔,我確實非兒科，若常態真如此還為兒科醫師們打抱不平了∼然後此徵才的意思是兒專的訓練毫無價值，住院、主治醫師薪水完全一樣的意思??,F
1677974400,Tom Weng,北部 有些診所 是這樣沒錯?,F
1677974520,Tom Weng,說真的 要看 業務量??如果 一診 沒幾個人 是沒有不行啦,F
1677974520,雙北麻醫,哇?一診4000也太慘?,F
1677974520,小家醫,給不出高於5000薪水的診所 很難想像會有什麼發展性,F
1677974640,Tom Weng,是真的 要更高就要再找找了台北的一些診所價錢就這樣 ,F
1677974700,Tom Weng,如果覺得不合理 就不要應徵,F
1677975780,Manko,兒科這個薪水很棒了，其實，畢竟在LMD沒有特殊優勢的科別。,F
1677975840,念琴,請問哪個科別在lmd有優勢呢？,F
1677975840,Manko,更別說R，在醫院站4個小時，全副武裝做快篩，也才2000塊。現在坐著爽爽看診就5000，搶破頭好嗎,F
1677975900,德克,兒科白天五千晚上5500自己問就知道如果在台北是一般或以上的行情了,F
1677975900,Manko,皮 眼 復健 骨科 風免 精神（精神科只限開業，被聘僱沒有）,F
1677975960,Manko,其他科地板價都差不多，你嫌低其他人也會做，然後你也沒有不可替代性,F
1677976020,CYL,皮眼復受僱地板價大概多少啊,F
1677976080,Manko,忘了補充，女醫師在婦產科也有優勢，而且是很大的優勢,F
1677976080,社群副管理員,大家好 討論職缺 請多多移往  聊天子群  謝謝大家您已被邀請加入「醫聊無上限醫起聊~醫師Lounge/教育學分/職缺討論/醫藥材團購、轉讓 1688 DocJob」！請點選以下連結加入社群！https://line.me/ti/g2/afOBW9YvGhmiRf1Fx5_0oK7au3tH3bZ2DBpoAg?utm_source=invitation&utm_medium=link_copy&utm_campaign=default,F
1677976140,Manko,地版價：輕鬆做大概可以到年薪400-500+,F
1677976140,Manko,周8診,F
1677976140,社群副管理員,讓母群 職缺群版面乾淨討論薪資市場 聊天  請移往子群,F
1677976380,大甲東醫霸,聊這些意義都不大！健保給付的天花板就在那邊，您一診可以看多少病人？才是重點！,F
1677976380,大甲東醫霸,有多少實力就有機會領多少錢！,F
1677976440,大甲東醫霸,子群也是聊一些沒啥有用的話題！我就不再進去了！,F
1677976440,內科,醫療整體夕陽產業，整個行業只會下行，未來公費生大軍畢業只會更慘，周10診月薪可能就是15,F
1677976440,大甲東醫霸,很有可能,F
1677976500,大甲東醫霸,本來楊志良他們的規劃就是這樣了！合理門診量就是這樣制定出來的,F
1677976680,群主David1688,謝謝大家參加發言， 以下非關職缺發布的留言， 可能會被刪除，   如果可以還是麻煩大家移駕到聊天子群， 免得 寶貴意見/花寶貴時間打的字，被刪除了。維持本職缺版面的乾淨， 謝謝大家，感恩感謝配合,F
1677976680,群主David1688,可以把這邊職缺  截圖  過去討論    謝謝大家,F
1677977160,群主David1688,報告 @大甲東醫霸  前輩， 上次子群很會吹牛的那位，被群友噓出去了， 歡迎您回群分享， 蓬蓽生輝，   謝謝感恩,F
1677977160,群主David1688,以下職缺轉自 5000職缺 或實名制群  近期已曾轉貼今(昨)日雇主貼文 持續徵求中??歡迎雇主自貼 待聘醫師自薦??,F
1677977280,群主David1688,桃園/專任/眼科徵?醫師?眼科地點：桃園眼科連鎖診所聯絡電話：0908738058聯絡人：朱醫師薪資：面議*本診所?全眼科診所，有各式眼科雷射，準分子雷射飛秒雷射，眼科醫師可學習飛秒及屈光，永久保障薪，超高抽成*交通方便有停車位,T
1677977280,群主David1688,誠徵 醫師（內，兒，家醫）南投縣草屯鎮診所地點：南投縣草屯鎮虎山路736號聯絡電話：0952425245聯絡人：王先生,T
1677977280,群主David1688,??誠徵 《醫師》苗栗市耳鼻喉科診所誠徵：小兒/家醫/內科/耳鼻喉科專科醫師，每週約9節（節數均可談）專職：條件優供宿及停車，離苗栗火車站近、交通方便，離高鐵也不遠意者請電洽吳醫師0912087168或可先傳簡訊會盡快回覆您,T
1677977280,群主David1688,誠徵?醫師?台南市佳里區診所誠徵耳鼻喉科、兒科、家醫科、內科專科醫師一週2-7節，可支援可掛牌。薪資：牌費+診費+PPF電話：0972078189 (可先簡訊聯絡）,T
1677977340,群主David1688,以上職缺(部分重複刊登)轉載自5000人/實名制群 ??歡迎雇主自貼 待聘醫師自薦??,F
1678021380,大甲東醫霸,@群主David1688 感恩！我還是只有老話一句！想辦法努力讓自己茁壯！畢竟江湖險惡！我的群已經太多了，就不去子群潛水了！歡迎大家來大甲東指導,F
1678021620,Sini,"[求職]科別:精神科位置:雙北本人是基層 V, 想趁清明連假賺點外快，3／31午晚到4／5皆有空，有需要幫忙的前輩都歡迎聯絡小弟，謝謝。聯絡方式：sinic3889@gmail.com",F
1678024440,jimmy0125,?新竹市?誠徵兼職專職醫師新竹市東區復健科診所誠徵復健科、骨科、神經內科專科醫師節數不拘，時段好談，可支援可掛牌。薪資：牌費+診費+PPF 高於附近行情電話：0975665786。林先生(可先簡訊聯絡）,T
1678059840,Ivan,波姨嗎哈哈哈哈哈,F
1678146360,Sini,徐醫師吧？ ??,F
1678104480,群主David1688,覺得徐醫師的個性  會暱稱直接寫徐醫師 ????謝謝大家參加社群  聊天還是請往子群這邊走  維持母群版面乾淨   謝謝大家https://bit.ly/3XCLlwN ,F
1678104600,群主David1688,??歡迎雇主自貼 待聘醫師自薦??以下職缺職缺轉自實名制/5000/桃園群 (不確定是否重複),F
1678104600,群主David1688,誠徵 「醫師」南投縣草屯鎮耳鼻喉科診所誠徵耳鼻喉科、家醫科、兒科、內科專科醫師每週  5-7節薪水:牌照費+節數費+PPF週日休診歡迎有興趣的醫師洽詢陳醫師0952689129或可先簡訊聯繫,T
1678104600,群主David1688,誠徵 「醫師」台中市市區耳鼻喉科診所誠徵耳鼻喉科、家醫科、兒科、內科專科醫師每週  5-7節薪水:牌照費+節數費+PPF週日休診歡迎有興趣的醫師洽詢張醫師0937177500或可先簡訊聯繫,T
1678104600,群主David1688,?誠徵專任或兼任醫師?科別 : 誠徵神經內科、新陳代謝科等內科專科醫師、婦產科新竹縣竹東聯合診所診次可談薪資面議，含牌費+診費+PPF也可先報備支援兼診可加line ID ：real-gargoyle  去掉-,T
1678104600,群主David1688,誠徵 醫師小兒 家醫地點：台南新市待遇: 牌照+節次+ppf醫師具耐心培育休假彈性專用停車位意者請洽 0921063839黃醫師若忙碌中請留簡訊，謝謝,T
1678104600,群主David1688,誠徵 「醫師」南投縣草屯鎮耳鼻喉科診所誠徵耳鼻喉科、家醫科、兒科、內科專科醫師每週  5-7節薪水:牌照費+節數費+PPF週日休診歡迎有興趣的醫師洽詢陳醫師0952689129或可先簡訊聯繫,T
1678104660,群主David1688,以上職缺(部分重複刊登)轉載自5000人/實名制群 ??歡迎雇主自貼 待聘醫師自薦??,F
1678104960,精彩,?誠徵： 醫美專職醫師?地址：桃園市藝文特區週四 14:00-20:00?主要工作項目微整，電音波，雷射不限專科診所可重點培訓醫師待遇可談。二診（六小時）PPf依年資經驗調整?意者請電洽-0-9-1- 6-9-0-9-7-6-6舒經理或意者請洽：此連結??為私人交談line://ti/p/@ono4238y,T
1678139160,群主David1688,  * 誠徵?專任醫師?*1. 桃園市八德區耳鼻喉、家醫科診所2. 誠徵耳鼻喉科、兒科、家醫科、內科或急診專科醫師3. 一週6-8診，多位醫師輪班，方便排休與出國旅遊4. 薪資優渥，執照費+診費+PPF，面洽5. 無診所經驗可，院長會親自分享開業、看診經驗6. 意者請洽：洪小姐0920735470,T
1678139160,群主David1688,桃園市蘆竹區   聯合門診誠徵  專任及兼任醫師精神科，內科，兒      科、家醫科、外科系或一般科醫師地區：桃園市蘆竹區節數依個人需求，方便排班，開車搭車皆方便電話：0932333472,T
1678225620,群主David1688,以上職缺(部分重複刊登)轉載自5000人/實名制群 ??歡迎雇主自貼 待聘醫師自薦??,F
1678181100,念琴,"誠徵 **掛牌負責醫師**地點 : 台南市東區醫美診所*不限科別，薪優可談*具備醫師執照可掛牌*看診或不看診都可以討論*光療雷射,微整,單純業務*無開刀房*專任會計師處理稅務*有合約免責保障來電0927114118意者請私訊 黃小姐Line idID：同電話",T
1678149660,StWang,大同區診所誠徵兼職醫師科別: 耳鼻喉、內兒、家醫科、一般科，看診時段週三晚診（6點半-9點半），週五午診(2點半-6點)意者請洽0980027517蔡先生，若未接來電可先簡訊留line,T
1678195500,ED,[桃園/ 桃園區藝文特區]誠徵醫美專職醫師??時間：每週四14:00-20:00??項目：各式微整、電音波、雷射??待遇：1）一天兩診診費$100002）PPF依照經驗 面議??其他補充：1）配有醫師專屬停車位2）長期配合可重點培訓??聯絡方式：0926-043-473湯先生。,T
